1.70,-1.00,-1.00,6.63,-1.00,-1.00,2.46,2.68,0.06,0.11,0.19,0.39,0.34,0.15,0.08,-1.00,0.05,0.19,-1.00,-1.00,-1.00,-1.00,-1.00,-1.00,-1.00,-1.00,-1.00,0.29,-1.00,-1.00,0.06,0.20,
1.71,-1.00,-1.00,6.63,-1.00,-1.00,2.46,2.68,0.06,0.11,0.19,0.39,0.34,0.15,0.08,-1.00,0.05,0.19,-1.00,-1.00,-1.00,-1.00,-1.00,-1.00,-1.00,-1.00,-1.00,0.29,-1.00,-1.00,0.06,0.20,
1.71,-1.00,-1.00,6.63,-1.00,-1.00,2.46,2.68,0.06,0.11,0.19,0.39,0.34,0.15,0.08,-1.00,0.05,0.18,-1.00,-1.00,-1.00,-1.00,-1.00,-1.00,-1.00,-1.00,-1.00,0.29,-1.00,-1.00,0.07,0.20,
1.71,-1.00,-1.00,6.63,-1.00,-1.00,2.46,2.68,0.06,0.11,0.19,0.39,0.34,0.15,0.08,-1.00,0.05,0.18,-1.00,-1.00,-1.00,-1.00,-1.00,-1.00,-1.00,-1.00,-1.00,0.29,-1.00,-1.00,0.07,0.19,
1.71,-1.00,-1.00,6.63,-1.00,-1.00,2.46,2.68,0.06,0.11,0.19,0.39,0.34,0.15,0.08,-1.00,0.05,0.18,1.59,-1.00,-1.00,-1.00,-1.00,-1.00,-1.00,-1.00,-1.00,0.29,-1.00,-1.00,0.07,0.19,
1.70,-1.00,-1.00,6.63,-1.00,-1.00,2.46,2.68,0.06,0.11,0.19,0.39,0.34,0.15,0.08,-1.00,0.04,0.18,1.59,-1.00,-1.00,-1.00,-1.00,-1.00,-1.00,-1.00,-1.00,0.29,-1.00,-1.00,0.07,0.19,
1.70,-1.00,-1.00,6.63,-1.00,-1.00,2.46,2.68,0.06,0.11,0.19,0.39,0.34,0.15,0.08,-1.00,0.04,0.18,1.60,-1.00,-1.00,-1.00,-1.00,-1.00,-1.00,-1.00,-1.00,0.29,-1.00,-1.00,0.07,0.19,
1.70,-1.00,-1.00,6.63,-1.00,-1.00,2.46,2.68,-1.00,0.11,0.18,0.38,0.35,0.16,0.08,0.06,0.04,0.17,1.60,-1.00,-1.00,-1.00,-1.00,-1.00,-1.00,-1.00,-1.00,0.29,-1.00,-1.00,0.07,0.19,
1.70,-1.00,-1.00,6.63,-1.00,-1.00,2.46,2.68,0.06,0.11,0.19,0.38,0.35,0.15,0.08,-1.00,0.04,0.17,1.60,-1.00,-1.00,-1.00,-1.00,-1.00,-1.00,-1.00,-1.00,0.29,-1.00,-1.00,0.07,0.18,
1.69,-1.00,-1.00,6.63,-1.00,-1.00,2.46,2.67,-1.00,0.10,0.18,0.38,0.35,0.16,0.09,0.06,0.04,0.17,1.60,-1.00,-1.00,-1.00,-1.00,-1.00,-1.00,-1.00,-1.00,0.29,-1.00,-1.00,0.07,0.18,
1.69,-1.00,-1.00,6.63,-1.00,-1.00,2.46,2.67,-1.00,0.10,0.18,0.38,0.35,0.16,0.09,0.06,0.05,0.18,1.60,-1.00,-1.00,-1.00,-1.00,-1.00,-1.00,-1.00,-1.00,0.29,-1.00,-1.00,0.07,0.18,
1.69,-1.00,-1.00,6.63,-1.00,-1.00,2.46,2.67,-1.00,0.10,0.18,0.37,0.36,0.16,0.09,0.06,0.05,0.18,1.60,-1.00,-1.00,-1.00,-1.00,-1.00,-1.00,-1.00,-1.00,0.29,-1.00,-1.00,0.07,0.18,
1.69,-1.00,-1.00,6.63,-1.00,-1.00,2.47,2.68,-1.00,0.10,0.17,0.37,0.36,0.17,0.09,0.06,0.05,0.18,1.60,-1.00,-1.00,-1.00,-1.00,-1.00,-1.00,-1.00,-1.00,0.29,-1.00,-1.00,0.07,0.18,
1.69,-1.00,-1.00,6.63,-1.00,-1.00,2.47,2.67,-1.00,0.10,0.17,0.37,0.36,0.17,0.09,0.06,0.05,0.18,1.60,-1.00,-1.00,-1.00,-1.00,-1.00,-1.00,-1.00,-1.00,0.29,-1.00,-1.00,0.07,0.17,
1.68,-1.00,-1.00,6.63,-1.00,-1.00,2.47,2.67,-1.00,0.10,0.17,0.37,0.36,0.17,0.10,0.06,0.05,0.18,1.60,-1.00,-1.00,-1.00,-1.00,-1.00,-1.00,-1.00,-1.00,0.29,-1.00,-1.00,0.07,0.17,
1.68,-1.00,-1.00,6.63,-1.00,-1.00,2.47,2.67,0.06,0.10,0.17,0.37,0.36,0.17,0.09,-1.00,0.05,0.18,1.61,-1.00,-1.00,-1.00,-1.00,-1.00,-1.00,-1.00,-1.00,0.29,-1.00,-1.00,0.07,0.17,
1.69,-1.00,-1.00,6.63,-1.00,-1.00,2.47,2.67,0.06,0.10,0.17,0.37,0.36,0.17,0.09,-1.00,0.05,0.18,1.61,-1.00,-1.00,-1.00,-1.00,-1.00,-1.00,-1.00,-1.00,0.29,-1.00,-1.00,0.07,0.17,
1.69,-1.00,-1.00,6.63,-1.00,-1.00,2.46,2.67,0.06,0.10,0.17,0.37,0.36,0.17,0.09,-1.00,0.05,0.18,1.61,-1.00,-1.00,-1.00,-1.00,-1.00,-1.00,-1.00,-1.00,0.29,-1.00,-1.00,0.07,0.17,
1.69,-1.00,-1.00,6.63,-1.00,-1.00,2.46,2.68,0.06,0.10,0.18,0.37,0.36,0.16,0.09,-1.00,0.05,0.18,1.61,-1.00,-1.00,-1.00,-1.00,-1.00,-1.00,-1.00,-1.00,0.29,-1.00,-1.00,0.07,0.17,
1.69,-1.00,-1.00,6.63,-1.00,-1.00,2.46,2.67,0.06,0.10,0.18,0.37,0.36,0.16,0.09,-1.00,0.05,0.18,1.61,-1.00,-1.00,-1.00,-1.00,-1.00,-1.00,-1.00,-1.00,0.29,-1.00,-1.00,0.07,0.17,
1.69,-1.00,-1.00,6.63,-1.00,-1.00,2.46,2.67,0.06,0.10,0.18,0.37,0.36,0.16,0.09,-1.00,0.05,0.18,1.61,-1.00,-1.00,-1.00,-1.00,-1.00,-1.00,-1.00,-1.00,0.29,-1.00,-1.00,0.07,0.16,
1.69,-1.00,-1.00,6.63,-1.00,-1.00,2.46,2.67,-1.00,0.10,0.17,0.37,0.36,0.17,0.09,0.06,0.05,0.18,1.61,-1.00,-1.00,-1.00,-1.00,-1.00,-1.00,-1.00,-1.00,0.29,-1.00,-1.00,0.07,0.16,
1.69,-1.00,-1.00,6.63,-1.00,-1.00,2.46,2.67,-1.00,0.10,0.17,0.37,0.36,0.17,0.10,0.06,0.05,0.18,1.61,-1.00,-1.00,-1.00,-1.00,-1.00,-1.00,-1.00,-1.00,0.29,-1.00,-1.00,0.07,0.16,
1.69,-1.00,-1.00,6.63,-1.00,-1.00,2.46,2.67,-1.00,0.10,0.17,0.37,0.37,0.17,0.10,0.06,0.05,0.18,1.61,-1.00,-1.00,-1.00,-1.00,-1.00,-1.00,-1.00,-1.00,0.29,-1.00,-1.00,0.07,0.16,
1.69,-1.00,-1.00,6.63,-1.00,-1.00,2.46,2.67,-1.00,0.09,0.17,0.36,0.37,0.17,0.10,0.06,0.05,0.18,1.61,-1.00,-1.00,-1.00,-1.00,-1.00,-1.00,-1.00,-1.00,0.29,-1.00,-1.00,0.07,0.15,
1.69,-1.00,-1.00,6.63,-1.00,-1.00,2.46,2.67,-1.00,0.09,0.17,0.36,0.37,0.17,0.10,0.06,0.05,0.18,1.61,-1.00,-1.00,-1.00,-1.00,-1.00,-1.00,-1.00,-1.00,0.29,-1.00,-1.00,0.07,0.15,
1.69,-1.00,-1.00,6.63,-1.00,-1.00,2.46,2.67,-1.00,0.09,0.17,0.36,0.37,0.17,0.10,0.06,0.05,0.19,1.61,-1.00,-1.00,-1.00,-1.00,-1.00,-1.00,-1.00,-1.00,0.29,-1.00,-1.00,0.07,0.15,
1.69,-1.00,-1.00,6.63,-1.00,-1.00,2.46,2.67,-1.00,0.09,0.16,0.36,0.37,0.18,0.10,0.06,0.05,0.19,1.61,-1.00,-1.00,-1.00,-1.00,-1.00,-1.00,-1.00,-1.00,0.29,-1.00,-1.00,0.07,0.15,
1.69,-1.00,-1.00,6.63,-1.00,-1.00,2.46,2.67,-1.00,0.09,0.16,0.36,0.37,0.18,0.10,0.06,0.05,0.19,1.61,-1.00,-1.00,-1.00,-1.00,-1.00,-1.00,-1.00,-1.00,0.29,-1.00,-1.00,0.07,0.15,
1.69,-1.00,-1.00,6.63,-1.00,-1.00,2.46,2.67,-1.00,0.09,0.16,0.36,0.37,0.18,0.10,0.06,0.05,0.19,1.61,-1.00,-1.00,-1.00,-1.00,-1.00,-1.00,-1.00,-1.00,0.29,-1.00,-1.00,0.07,0.15,
1.70,-1.00,-1.00,6.63,-1.00,-1.00,2.46,2.67,-1.00,0.09,0.16,0.36,0.37,0.18,0.10,0.06,0.05,0.19,1.61,-1.00,-1.00,-1.00,-1.00,-1.00,-1.00,-1.00,-1.00,0.29,-1.00,-1.00,0.07,0.15,
1.70,-1.00,-1.00,6.63,-1.00,-1.00,2.46,2.67,-1.00,0.09,0.16,0.36,0.37,0.18,0.10,0.06,0.05,0.19,1.61,-1.00,-1.00,-1.00,-1.00,-1.00,-1.00,-1.00,-1.00,0.29,-1.00,-1.00,0.07,0.15,
1.70,-1.00,-1.00,6.63,-1.00,-1.00,-1.00,2.67,-1.00,0.09,0.16,0.37,0.37,0.18,0.10,0.06,0.05,0.19,1.61,-1.00,-1.00,-1.00,-1.00,-1.00,-1.00,-1.00,-1.00,0.29,-1.00,-1.00,0.07,0.14,
1.70,-1.00,-1.00,6.63,-1.00,-1.00,-1.00,2.67,-1.00,0.09,0.16,0.37,0.37,0.18,0.10,0.06,0.04,0.18,1.61,-1.00,-1.00,-1.00,-1.00,-1.00,-1.00,-1.00,-1.00,0.29,-1.00,-1.00,0.07,0.14,
1.70,-1.00,-1.00,6.63,-1.00,-1.00,-1.00,-1.00,-1.00,0.09,0.16,0.37,0.38,0.18,0.10,0.06,0.04,0.18,1.61,-1.00,-1.00,-1.00,-1.00,-1.00,-1.00,-1.00,-1.00,0.29,-1.00,-1.00,0.07,0.14,
1.70,-1.00,-1.00,6.63,-1.00,-1.00,-1.00,-1.00,-1.00,0.09,0.16,0.36,0.38,0.18,0.10,0.06,0.04,0.18,1.61,-1.00,-1.00,-1.00,-1.00,-1.00,-1.00,-1.00,-1.00,0.29,-1.00,-1.00,0.07,0.14,
1.70,-1.00,-1.00,6.63,-1.00,-1.00,7.72,-1.00,-1.00,0.09,0.16,0.36,0.38,0.18,0.10,0.06,0.04,0.18,1.61,-1.00,-1.00,-1.00,-1.00,-1.00,-1.00,-1.00,-1.00,0.29,-1.00,-1.00,0.07,0.14,
1.70,-1.00,-1.00,6.63,-1.00,-1.00,7.72,-1.00,-1.00,0.08,0.16,0.36,0.38,0.18,0.11,0.06,0.04,0.18,1.60,-1.00,-1.00,-1.00,-1.00,-1.00,-1.00,-1.00,-1.00,0.29,-1.00,-1.00,0.07,0.14,
1.70,-1.00,-1.00,6.63,-1.00,-1.00,7.72,-1.00,-1.00,0.08,0.15,0.36,0.39,0.19,0.11,0.06,0.04,0.18,1.60,-1.00,-1.00,-1.00,-1.00,-1.00,-1.00,-1.00,-1.00,0.29,-1.00,-1.00,0.07,0.14,
1.70,-1.00,-1.00,6.63,-1.00,-1.00,7.73,-1.00,-1.00,0.08,0.15,0.36,0.39,0.19,0.11,0.06,0.04,0.18,1.60,-1.00,-1.00,-1.00,-1.00,-1.00,-1.00,-1.00,-1.00,0.29,-1.00,-1.00,0.07,0.14,
1.70,-1.00,-1.00,6.63,-1.00,-1.00,7.73,-1.00,-1.00,0.08,0.15,0.36,0.39,0.19,0.11,0.06,0.04,0.18,1.60,-1.00,-1.00,-1.00,-1.00,-1.00,-1.00,-1.00,-1.00,0.29,-1.00,-1.00,0.07,0.14,
1.70,-1.00,-1.00,6.63,-1.00,-1.00,7.74,-1.00,-1.00,0.08,0.15,0.36,0.39,0.19,0.11,0.06,0.04,0.17,1.60,-1.00,-1.00,-1.00,-1.00,-1.00,-1.00,-1.00,-1.00,0.29,-1.00,-1.00,0.07,0.14,
1.70,-1.00,-1.00,6.63,-1.00,-1.00,7.74,-1.00,-1.00,0.08,0.15,0.37,0.39,0.19,0.11,0.06,0.04,0.17,1.60,-1.00,-1.00,-1.00,-1.00,-1.00,-1.00,-1.00,-1.00,0.29,-1.00,-1.00,0.07,0.14,
1.70,-1.00,-1.00,6.63,-1.00,-1.00,7.74,-1.00,-1.00,0.08,0.15,0.37,0.39,0.19,0.11,0.06,0.04,0.17,1.59,-1.00,-1.00,-1.00,-1.00,-1.00,-1.00,-1.00,-1.00,0.29,-1.00,-1.00,0.07,0.14,
1.70,-1.00,-1.00,6.63,-1.00,-1.00,7.74,-1.00,-1.00,0.08,0.15,0.37,0.39,0.19,0.11,0.06,0.04,0.17,1.59,-1.00,-1.00,-1.00,-1.00,-1.00,-1.00,-1.00,-1.00,0.29,-1.00,-1.00,0.07,0.14,
1.70,-1.00,-1.00,6.63,8.33,-1.00,7.75,-1.00,-1.00,0.08,0.15,0.37,0.39,0.19,0.11,0.06,0.04,0.17,1.59,-1.00,-1.00,-1.00,-1.00,-1.00,-1.00,-1.00,-1.00,0.29,-1.00,-1.00,0.07,0.14,
1.70,-1.00,-1.00,6.63,8.32,8.57,7.75,-1.00,-1.00,0.08,0.15,0.38,0.39,0.19,0.11,0.06,0.04,0.17,1.59,-1.00,-1.00,-1.00,-1.00,-1.00,-1.00,-1.00,-1.00,0.29,-1.00,-1.00,0.07,0.14,
1.70,-1.00,-1.00,6.64,8.31,8.56,7.75,-1.00,-1.00,0.08,0.15,0.38,0.39,0.19,0.11,0.06,0.04,0.16,1.59,-1.00,-1.00,-1.00,-1.00,-1.00,-1.00,-1.00,-1.00,0.29,-1.00,-1.00,0.07,0.14,
1.70,-1.00,-1.00,6.64,8.30,8.55,7.76,-1.00,-1.00,0.08,0.15,0.38,0.40,0.19,0.11,0.06,0.04,0.16,1.58,-1.00,-1.00,-1.00,-1.00,-1.00,-1.00,-1.00,-1.00,-1.00,-1.00,-1.00,0.07,0.14,
1.70,-1.00,-1.00,6.66,8.28,8.54,7.76,-1.00,-1.00,0.08,0.15,0.38,0.40,0.19,0.11,0.06,0.04,0.16,1.58,-1.00,-1.00,-1.00,-1.00,-1.00,-1.00,-1.00,0.52,-1.00,-1.00,-1.00,0.07,0.14,
1.70,-1.00,-1.00,6.67,8.27,8.53,7.77,-1.00,-1.00,0.08,0.15,0.39,0.40,0.19,0.11,0.06,0.04,0.16,1.58,-1.00,-1.00,-1.00,-1.00,-1.00,-1.00,-1.00,0.51,-1.00,-1.00,-1.00,0.07,0.14,
1.70,-1.00,-1.00,6.69,8.26,8.52,7.78,-1.00,-1.00,0.08,0.15,0.39,0.40,0.19,0.11,0.06,0.04,0.16,1.58,-1.00,-1.00,-1.00,-1.00,-1.00,-1.00,-1.00,0.51,-1.00,-1.00,-1.00,0.07,0.14,
1.70,-1.00,-1.00,6.71,8.26,8.52,7.78,-1.00,-1.00,0.08,0.15,0.39,0.40,0.19,0.11,0.06,0.03,0.16,1.57,-1.00,-1.00,-1.00,-1.00,-1.00,-1.00,-1.00,0.51,-1.00,-1.00,-1.00,0.07,0.14,
1.70,-1.00,-1.00,6.74,8.25,8.51,7.79,-1.00,-1.00,0.08,0.15,0.40,0.40,0.19,0.11,0.06,0.03,0.15,1.57,-1.00,-1.00,-1.00,-1.00,-1.00,-1.00,-1.00,0.51,-1.00,-1.00,-1.00,0.07,0.14,
1.71,-1.00,-1.00,6.76,8.24,8.50,7.79,-1.00,-1.00,0.08,0.15,0.40,0.41,0.19,0.11,0.06,0.03,0.15,1.57,-1.00,-1.00,-1.00,-1.00,-1.00,-1.00,-1.00,0.50,-1.00,-1.00,-1.00,0.07,0.14,
1.71,-1.00,-1.00,6.78,8.24,8.49,7.80,-1.00,-1.00,0.08,0.15,0.40,0.41,0.19,0.11,0.06,0.03,0.15,1.57,-1.00,-1.00,-1.00,-1.00,-1.00,-1.00,-1.00,-1.00,-1.00,-1.00,-1.00,0.07,0.14,
1.71,-1.00,-1.00,6.80,8.23,8.40,7.80,-1.00,-1.00,0.08,0.15,0.41,0.41,0.19,0.11,0.06,0.03,0.15,1.57,-1.00,-1.00,-1.00,-1.00,-1.00,-1.00,-1.00,-1.00,-1.00,-1.00,-1.00,0.07,0.13,
1.71,-1.00,-1.00,6.82,8.13,8.31,7.81,-1.00,-1.00,0.08,0.15,0.41,0.41,0.19,0.11,0.05,0.03,0.15,1.56,-1.00,-1.00,-1.00,-1.00,-1.00,-1.00,-1.00,-1.00,-1.00,-1.00,-1.00,0.07,0.13,
1.71,-1.00,-1.00,6.84,8.03,8.24,7.82,-1.00,-1.00,0.08,0.15,0.41,0.42,0.19,0.11,0.05,0.03,0.15,1.56,-1.00,-1.00,-1.00,-1.00,-1.00,-1.00,-1.00,-1.00,-1.00,-1.00,-1.00,0.07,0.13,
1.71,-1.00,-1.00,6.85,7.95,8.17,7.82,-1.00,-1.00,0.08,0.15,0.42,0.42,0.20,0.11,0.05,0.03,0.15,1.56,-1.00,-1.00,-1.00,-1.00,-1.00,-1.00,-1.00,-1.00,-1.00,-1.00,-1.00,0.07,0.13,
1.70,-1.00,6.92,6.87,7.88,8.10,7.82,-1.00,-1.00,0.08,0.15,0.42,0.42,0.20,0.11,0.05,0.03,0.14,1.56,-1.00,-1.00,-1.00,-1.00,-1.00,-1.00,-1.00,-1.00,-1.00,-1.00,-1.00,0.07,0.13,
1.71,-1.00,6.93,6.88,7.81,8.04,7.82,-1.00,-1.00,0.08,0.15,0.43,0.42,0.20,0.11,0.05,0.03,0.14,1.55,-1.00,-1.00,-1.00,-1.00,-1.00,-1.00,-1.00,-1.00,-1.00,-1.00,-1.00,0.07,0.13,
1.71,-1.00,6.93,6.90,7.76,7.98,7.82,-1.00,-1.00,0.08,0.15,0.43,0.42,0.20,0.11,0.05,0.03,0.14,1.55,-1.00,-1.00,-1.00,-1.00,-1.00,-1.00,-1.00,-1.00,-1.00,-1.00,-1.00,0.07,0.13,
1.71,-1.00,6.93,6.91,7.70,7.93,7.82,-1.00,-1.00,0.08,0.15,0.43,0.43,0.20,0.11,0.05,0.03,0.14,1.55,-1.00,-1.00,-1.00,-1.00,-1.00,-1.00,-1.00,-1.00,-1.00,-1.00,-1.00,0.07,0.13,
1.71,-1.00,6.93,6.91,7.66,7.88,7.81,-1.00,0.05,0.08,0.15,0.44,0.43,0.19,0.11,-1.00,0.03,0.14,1.55,-1.00,-1.00,-1.00,-1.00,-1.00,-1.00,-1.00,-1.00,-1.00,-1.00,-1.00,0.06,0.13,
1.71,-1.00,6.93,6.92,7.58,7.84,7.80,-1.00,0.05,0.09,0.16,0.44,0.43,0.19,0.11,-1.00,0.03,0.14,1.54,-1.00,-1.00,-1.00,-1.00,-1.00,-1.00,-1.00,-1.00,-1.00,-1.00,-1.00,0.06,0.13,
1.71,-1.00,6.93,6.92,7.50,7.76,7.79,-1.00,0.05,0.09,0.16,0.44,0.44,0.19,0.11,-1.00,0.03,0.14,1.54,-1.00,-1.00,-1.00,-1.00,-1.00,-1.00,-1.00,-1.00,-1.00,-1.00,-1.00,0.06,0.13,
1.71,-1.00,6.93,6.92,7.43,7.69,7.78,-1.00,-1.00,0.09,0.16,0.45,0.44,0.19,0.11,0.05,0.03,0.14,1.54,-1.00,-1.00,-1.00,-1.00,-1.00,-1.00,-1.00,-1.00,-1.00,-1.00,-1.00,0.06,0.13,
1.70,-1.00,6.93,6.91,7.35,7.61,7.76,-1.00,-1.00,0.09,0.16,0.45,0.44,0.19,0.11,0.05,0.02,0.14,1.54,-1.00,-1.00,-1.00,-1.00,-1.00,-1.00,-1.00,-1.00,-1.00,-1.00,-1.00,0.06,0.13,
1.70,-1.00,6.93,6.89,7.28,7.54,7.74,-1.00,-1.00,0.09,0.16,0.46,0.45,0.19,0.11,0.05,0.02,0.13,1.53,-1.00,-1.00,-1.00,-1.00,-1.00,-1.00,-1.00,-1.00,-1.00,-1.00,-1.00,0.06,0.13,
1.70,-1.00,6.93,6.88,7.20,7.46,7.73,-1.00,-1.00,0.09,0.16,0.46,0.45,0.19,0.11,0.05,0.02,0.13,1.53,-1.00,-1.00,-1.00,-1.00,-1.00,-1.00,-1.00,-1.00,-1.00,-1.00,-1.00,0.06,0.13,
1.70,-1.00,6.93,6.86,7.13,7.39,7.71,-1.00,-1.00,0.09,0.16,0.47,0.45,0.19,0.11,0.05,0.02,0.13,1.53,-1.00,-1.00,-1.00,-1.00,-1.00,-1.00,-1.00,-1.00,-1.00,-1.00,-1.00,0.06,0.13,
1.70,-1.00,6.94,6.84,7.05,7.31,7.69,-1.00,-1.00,0.09,0.16,0.47,0.45,0.19,0.11,0.05,0.02,0.13,1.53,-1.00,-1.00,-1.00,-1.00,-1.00,-1.00,-1.00,-1.00,-1.00,-1.00,-1.00,0.06,0.13,
1.70,-1.00,6.94,6.83,6.98,7.24,7.67,-1.00,0.05,0.09,0.16,0.47,0.46,0.19,0.11,-1.00,0.02,0.13,1.53,-1.00,-1.00,-1.00,-1.00,-1.00,-1.00,-1.00,-1.00,-1.00,-1.00,-1.00,0.06,0.13,
1.70,-1.00,-1.00,6.81,6.91,7.16,7.65,-1.00,0.05,0.09,0.16,0.47,0.46,0.18,0.11,-1.00,0.02,0.13,1.52,-1.00,-1.00,-1.00,-1.00,-1.00,-1.00,-1.00,-1.00,-1.00,-1.00,-1.00,0.06,0.13,
1.70,-1.00,-1.00,6.80,6.84,7.14,7.63,-1.00,0.05,0.09,0.17,0.48,0.47,0.18,0.11,-1.00,0.02,0.13,1.52,-1.00,-1.00,-1.00,-1.00,-1.00,-1.00,-1.00,-1.00,-1.00,-1.00,-1.00,0.06,0.13,
1.70,-1.00,-1.00,6.79,6.83,7.12,7.61,-1.00,0.05,0.10,0.17,0.48,0.47,0.18,0.10,-1.00,0.02,0.13,1.52,-1.00,-1.00,-1.00,-1.00,-1.00,-1.00,-1.00,-1.00,-1.00,-1.00,-1.00,0.06,0.13,
1.70,-1.00,-1.00,6.78,6.83,7.17,7.59,-1.00,0.05,0.10,0.17,0.48,0.48,0.18,0.10,-1.00,0.02,0.13,1.52,-1.00,-1.00,-1.00,-1.00,-1.00,-1.00,-1.00,0.58,-1.00,-1.00,-1.00,0.06,0.13,
1.70,-1.00,-1.00,6.78,6.90,7.22,7.58,-1.00,0.05,0.10,0.17,0.48,0.48,0.17,0.10,-1.00,0.02,0.13,1.52,-1.00,-1.00,-1.00,-1.00,-1.00,-1.00,-1.00,0.57,-1.00,-1.00,-1.00,0.06,0.13,
1.69,-1.00,-1.00,6.78,6.96,7.28,7.56,-1.00,0.05,0.10,0.18,0.48,0.48,0.17,0.10,-1.00,0.02,0.13,1.52,-1.00,-1.00,-1.00,-1.00,-1.00,-1.00,-1.00,0.57,-1.00,-1.00,-1.00,0.06,0.13,
1.69,-1.00,-1.00,6.79,7.03,7.34,7.55,-1.00,0.05,0.10,0.18,0.48,0.49,0.17,0.10,-1.00,0.02,0.13,1.51,-1.00,-1.00,-1.00,-1.00,-1.00,-1.00,-1.00,0.56,-1.00,-1.00,-1.00,0.06,0.13,
1.69,-1.00,-1.00,6.80,7.10,7.40,7.53,-1.00,0.05,0.11,0.18,0.48,0.49,0.17,0.09,-1.00,0.02,0.13,1.51,-1.00,-1.00,-1.00,-1.00,-1.00,-1.00,-1.00,0.56,-1.00,-1.00,-1.00,0.06,0.13,
1.69,-1.00,-1.00,6.81,7.17,7.47,7.52,-1.00,-1.00,0.11,0.18,0.48,0.49,0.17,0.09,0.05,0.02,0.13,1.51,-1.00,-1.00,-1.00,-1.00,-1.00,-1.00,-1.00,-1.00,0.81,-1.00,-1.00,0.06,0.13,
1.69,-1.00,-1.00,6.82,7.24,7.53,7.52,-1.00,-1.00,0.10,0.18,0.49,0.49,0.17,0.10,0.05,0.02,0.12,1.51,-1.00,-1.00,-1.00,-1.00,-1.00,-1.00,-1.00,-1.00,0.80,-1.00,-1.00,0.06,0.13,
1.69,-1.00,-1.00,6.84,7.31,7.60,7.52,-1.00,-1.00,0.10,0.18,0.49,0.49,0.17,0.10,0.05,0.02,0.12,1.49,-1.00,-1.00,-1.00,-1.00,-1.00,-1.00,-1.00,-1.00,0.80,-1.00,-1.00,0.06,0.13,
1.69,-1.00,-1.00,6.86,7.38,7.67,7.51,-1.00,-1.00,0.10,0.17,0.49,0.49,0.17,0.10,0.05,0.02,0.12,1.49,-1.00,-1.00,-1.00,-1.00,-1.00,-1.00,-1.00,-1.00,0.79,-1.00,-1.00,0.06,0.13,
1.69,-1.00,-1.00,6.88,7.46,7.73,7.51,-1.00,-1.00,0.10,0.17,0.50,0.49,0.17,0.10,0.05,0.02,0.12,1.49,-1.00,-1.00,-1.00,-1.00,-1.00,-1.00,-1.00,-1.00,0.78,-1.00,-1.00,0.06,0.13,
1.69,-1.00,-1.00,6.90,7.53,7.80,7.51,-1.00,0.05,0.10,0.18,0.49,0.50,0.17,0.10,-1.00,0.02,0.12,1.49,-1.00,-1.00,-1.00,-1.00,-1.00,-1.00,-1.00,-1.00,0.77,-1.00,-1.00,0.06,0.13,
1.70,-1.00,-1.00,6.92,7.60,7.87,7.51,-1.00,0.05,0.10,0.18,0.49,0.50,0.17,0.10,-1.00,0.02,0.12,1.49,-1.00,-1.00,-1.00,-1.00,-1.00,-1.00,-1.00,-1.00,0.76,-1.00,-1.00,0.06,0.13,
1.70,-1.00,-1.00,6.93,7.68,7.94,7.51,-1.00,0.05,0.11,0.18,0.49,0.50,0.17,0.09,-1.00,0.02,0.12,1.49,-1.00,-1.00,-1.00,-1.00,-1.00,-1.00,-1.00,-1.00,0.76,-1.00,-1.00,0.06,0.13,
1.70,-1.00,-1.00,6.95,7.75,8.01,7.51,-1.00,0.05,0.11,0.18,0.49,0.50,0.16,0.09,-1.00,0.02,0.12,1.50,-1.00,-1.00,-1.00,-1.00,-1.00,-1.00,-1.00,-1.00,0.75,-1.00,-1.00,0.06,0.13,
1.70,-1.00,-1.00,6.97,7.83,8.09,7.52,-1.00,0.05,0.11,0.19,0.48,0.51,0.16,0.09,-1.00,0.02,0.12,1.50,-1.00,-1.00,-1.00,-1.00,-1.00,-1.00,-1.00,-1.00,0.74,-1.00,-1.00,0.06,0.13,
1.70,-1.00,-1.00,6.98,7.90,8.16,7.52,-1.00,0.05,0.11,0.19,0.48,0.51,0.16,0.09,-1.00,0.02,0.12,1.50,-1.00,-1.00,-1.00,-1.00,-1.00,-1.00,-1.00,-1.00,0.73,-1.00,-1.00,0.06,0.13,
1.70,-1.00,-1.00,7.00,7.98,8.24,7.52,-1.00,0.05,0.11,0.19,0.48,0.50,0.16,0.09,-1.00,0.01,0.12,1.50,-1.00,-1.00,-1.00,-1.00,-1.00,-1.00,-1.00,-1.00,0.73,-1.00,-1.00,0.06,0.13,
1.70,-1.00,-1.00,7.01,8.06,8.31,7.52,-1.00,0.05,0.11,0.19,0.48,0.50,0.16,0.09,-1.00,0.01,0.12,1.50,-1.00,-1.00,-1.00,-1.00,-1.00,-1.00,-1.00,-1.00,0.72,-1.00,-1.00,0.06,0.13,
1.71,-1.00,-1.00,7.02,8.13,8.38,-1.00,-1.00,0.05,0.11,0.19,0.48,0.50,0.16,0.09,-1.00,0.01,0.12,1.50,-1.00,-1.00,-1.00,-1.00,-1.00,-1.00,-1.00,-1.00,0.71,-1.00,-1.00,0.06,0.13,
1.70,-1.00,-1.00,7.03,8.21,8.40,-1.00,-1.00,-1.00,0.11,0.18,0.49,0.50,0.16,0.09,0.05,0.01,0.12,1.50,-1.00,-1.00,-1.00,-1.00,-1.00,-1.00,-1.00,-1.00,0.70,-1.00,-1.00,0.06,0.13,
1.71,-1.00,-1.00,7.04,8.22,8.41,7.68,-1.00,-1.00,0.11,0.18,0.49,0.50,0.17,0.09,0.05,0.01,0.12,1.50,-1.00,-1.00,-1.00,-1.00,-1.00,-1.00,-1.00,-1.00,0.70,-1.00,-1.00,0.06,0.13,
1.71,-1.00,-1.00,7.04,8.23,8.42,7.68,-1.00,-1.00,0.10,0.18,0.49,0.49,0.17,0.10,0.05,0.01,0.12,1.50,-1.00,-1.00,-1.00,-1.00,-1.00,-1.00,-1.00,-1.00,0.69,-1.00,-1.00,0.06,0.13,
1.70,-1.00,-1.00,7.04,8.24,8.43,7.69,-1.00,-1.00,0.10,0.18,0.49,0.49,0.17,0.10,0.05,0.01,0.11,1.50,-1.00,-1.00,-1.00,-1.00,-1.00,-1.00,-1.00,-1.00,0.68,-1.00,-1.00,0.06,0.13,
1.70,-1.00,-1.00,7.03,8.25,8.44,7.69,-1.00,0.05,0.10,0.18,0.49,0.49,0.17,0.10,-1.00,0.01,0.11,1.50,-1.00,-1.00,-1.00,-1.00,-1.00,-1.00,-1.00,-1.00,0.68,-1.00,-1.00,0.06,0.13,
1.70,-1.00,-1.00,7.03,8.26,8.44,7.69,-1.00,-1.00,0.10,0.18,0.48,0.49,0.17,0.10,0.05,0.01,0.11,1.50,-1.00,-1.00,-1.00,-1.00,-1.00,-1.00,-1.00,-1.00,0.67,-1.00,-1.00,0.06,0.13,
1.70,-1.00,-1.00,7.02,8.27,8.45,7.69,-1.00,0.05,0.10,0.18,0.48,0.49,0.17,0.10,-1.00,0.01,0.11,1.50,-1.00,-1.00,-1.00,-1.00,-1.00,-1.00,-1.00,-1.00,0.66,-1.00,-1.00,0.06,0.13,
1.70,-1.00,-1.00,7.02,8.28,8.46,7.70,-1.00,0.05,0.11,0.18,0.48,0.49,0.17,0.09,-1.00,0.01,0.11,1.50,-1.00,-1.00,-1.00,-1.00,-1.00,-1.00,-1.00,-1.00,0.65,-1.00,-1.00,0.06,0.13,
1.70,-1.00,-1.00,7.01,8.29,8.47,7.70,-1.00,0.05,0.11,0.18,0.47,0.49,0.16,0.09,-1.00,0.01,0.11,1.50,-1.00,-1.00,-1.00,-1.00,-1.00,-1.00,-1.00,-1.00,0.63,-1.00,-1.00,0.06,0.13,
1.70,-1.00,-1.00,7.01,8.30,8.48,7.70,-1.00,0.05,0.11,0.19,0.47,0.49,0.16,0.09,-1.00,0.01,0.11,1.50,-1.00,-1.00,-1.00,-1.00,-1.00,-1.00,-1.00,-1.00,0.62,-1.00,-1.00,0.06,0.13,
1.70,-1.00,-1.00,7.00,8.32,8.49,7.71,-1.00,0.05,0.11,0.19,0.47,0.49,0.16,0.09,-1.00,0.01,0.11,1.50,-1.00,-1.00,-1.00,-1.00,-1.00,-1.00,-1.00,-1.00,0.61,-1.00,-1.00,0.06,0.13,
1.70,-1.00,-1.00,7.00,8.32,8.50,7.71,-1.00,0.05,0.11,0.19,0.47,0.48,0.16,0.09,-1.00,0.01,0.11,1.50,-1.00,-1.00,-1.00,-1.00,-1.00,-1.00,-1.00,0.68,-1.00,-1.00,-1.00,0.06,0.13,
1.70,-1.00,-1.00,7.00,8.33,8.51,7.72,-1.00,0.05,0.11,0.19,0.47,0.48,0.16,0.09,-1.00,0.01,0.11,1.50,-1.00,-1.00,-1.00,-1.00,-1.00,-1.00,-1.00,0.67,-1.00,-1.00,-1.00,0.06,0.13,
1.69,-1.00,-1.00,7.01,8.33,8.51,7.72,-1.00,0.05,0.11,0.19,0.47,0.48,0.16,0.09,-1.00,0.01,0.11,1.50,-1.00,-1.00,-1.00,-1.00,-1.00,-1.00,-1.00,0.66,-1.00,-1.00,-1.00,0.06,0.13,
1.69,-1.00,-1.00,7.01,8.34,8.52,7.73,-1.00,0.05,0.11,0.19,0.47,0.48,0.16,0.09,-1.00,0.01,0.11,1.50,-1.00,-1.00,-1.00,-1.00,-1.00,-1.00,-1.00,0.66,-1.00,-1.00,-1.00,0.06,0.13,
1.69,-1.00,-1.00,7.01,8.34,8.52,7.73,-1.00,0.05,0.11,0.19,0.47,0.48,0.16,0.09,-1.00,0.01,0.11,1.50,-1.00,-1.00,-1.00,-1.00,-1.00,-1.00,-1.00,-1.00,-1.00,-1.00,-1.00,0.06,0.13,
1.69,-1.00,-1.00,7.01,8.27,8.45,7.74,-1.00,0.05,0.11,0.19,0.47,0.48,0.16,0.09,-1.00,0.01,0.11,1.50,-1.00,-1.00,-1.00,-1.00,-1.00,-1.00,-1.00,-1.00,-1.00,-1.00,-1.00,0.06,0.13,
1.69,-1.00,-1.00,7.01,8.19,8.38,7.74,-1.00,0.05,0.11,0.19,0.47,0.48,0.16,0.09,-1.00,0.01,0.11,1.50,-1.00,-1.00,-1.00,-1.00,-1.00,-1.00,-1.00,-1.00,-1.00,-1.00,-1.00,0.06,0.13,
1.69,-1.00,7.01,7.01,8.12,8.31,7.74,-1.00,0.05,0.11,0.19,0.47,0.48,0.16,0.09,-1.00,0.01,0.11,1.50,-1.00,-1.00,-1.00,-1.00,-1.00,-1.00,-1.00,-1.00,-1.00,-1.00,-1.00,0.06,0.13,
1.69,-1.00,7.01,7.00,8.05,8.23,7.73,-1.00,0.05,0.11,0.19,0.47,0.48,0.16,0.09,-1.00,0.01,0.11,1.50,-1.00,-1.00,-1.00,-1.00,-1.00,-1.00,-1.00,-1.00,-1.00,-1.00,-1.00,0.06,0.13,
1.70,-1.00,7.00,6.99,7.97,8.16,7.72,-1.00,0.05,0.11,0.19,0.46,0.48,0.16,0.09,-1.00,0.01,0.11,1.49,-1.00,-1.00,-1.00,-1.00,-1.00,-1.00,-1.00,-1.00,-1.00,-1.00,-1.00,0.06,0.13,
1.70,-1.00,6.97,6.94,7.89,8.08,7.71,-1.00,-1.00,0.11,0.19,0.47,0.49,0.16,0.09,0.05,0.01,0.11,1.49,-1.00,-1.00,-1.00,-1.00,-1.00,-1.00,-1.00,-1.00,-1.00,-1.00,-1.00,0.06,0.13,
1.70,-1.00,6.92,6.88,7.76,7.96,7.70,-1.00,-1.00,0.11,0.19,0.47,0.49,0.16,0.09,0.05,0.01,0.11,1.49,-1.00,-1.00,-1.00,-1.00,-1.00,-1.00,-1.00,-1.00,-1.00,-1.00,-1.00,0.06,0.13,
1.70,-1.00,6.85,6.81,7.63,7.83,7.67,-1.00,-1.00,0.11,0.19,0.47,0.49,0.16,0.09,0.05,0.01,0.11,1.49,-1.00,-1.00,-1.00,-1.00,-1.00,-1.00,-1.00,-1.00,-1.00,-1.00,-1.00,0.06,0.13,
1.70,-1.00,6.78,6.75,7.49,7.70,7.65,-1.00,0.05,0.11,0.19,0.47,0.49,0.16,0.09,-1.00,0.01,0.11,1.49,-1.00,-1.00,-1.00,-1.00,-1.00,-1.00,-1.00,-1.00,-1.00,-1.00,-1.00,0.06,0.13,
1.71,-1.00,6.71,6.67,7.35,7.56,7.62,-1.00,0.05,0.11,0.19,0.47,0.49,0.16,0.09,-1.00,0.01,0.11,1.49,-1.00,-1.00,-1.00,-1.00,-1.00,-1.00,-1.00,-1.00,-1.00,-1.00,-1.00,0.06,0.14,
1.71,-1.00,6.65,6.60,7.21,7.42,7.58,-1.00,0.05,0.11,0.19,0.47,0.50,0.16,0.09,-1.00,0.01,0.11,1.49,-1.00,-1.00,-1.00,-1.00,-1.00,-1.00,-1.00,-1.00,-1.00,-1.00,-1.00,0.06,0.14,
1.71,-1.00,6.59,6.52,7.06,7.27,7.54,-1.00,0.05,0.11,0.19,0.47,0.50,0.16,0.09,-1.00,0.01,0.11,1.49,-1.00,-1.00,-1.00,-1.00,-1.00,-1.00,-1.00,-1.00,-1.00,-1.00,-1.00,0.06,0.14,
1.71,-1.00,6.54,6.44,6.92,7.12,7.50,-1.00,0.05,0.11,0.19,0.47,0.50,0.16,0.09,-1.00,0.01,0.11,1.49,-1.00,-1.00,-1.00,-1.00,-1.00,-1.00,-1.00,-1.00,-1.00,-1.00,-1.00,0.06,0.14,
1.71,-1.00,6.50,6.36,6.78,6.98,7.46,-1.00,0.05,0.11,0.19,0.48,0.51,0.16,0.09,-1.00,0.01,0.11,1.49,-1.00,-1.00,-1.00,-1.00,-1.00,-1.00,-1.00,-1.00,-1.00,-1.00,-1.00,0.06,0.14,
1.71,-1.00,6.46,6.28,6.67,6.89,7.41,-1.00,0.05,0.11,0.19,0.48,0.51,0.16,0.09,-1.00,0.01,0.11,1.49,-1.00,-1.00,-1.00,-1.00,-1.00,-1.00,-1.00,-1.00,-1.00,-1.00,-1.00,0.06,0.14,
1.71,-1.00,6.43,6.25,6.58,6.80,7.37,-1.00,0.05,0.11,0.19,0.48,0.51,0.16,0.09,-1.00,0.01,0.11,1.49,-1.00,-1.00,-1.00,-1.00,-1.00,-1.00,-1.00,-1.00,-1.00,-1.00,-1.00,0.06,0.14,
1.71,-1.00,6.40,6.21,6.48,6.72,7.33,-1.00,0.05,0.11,0.19,0.48,0.52,0.16,0.09,-1.00,0.01,0.11,1.49,-1.00,-1.00,-1.00,-1.00,-1.00,-1.00,-1.00,-1.00,-1.00,-1.00,-1.00,0.06,0.14,
1.71,-1.00,6.38,6.18,6.40,6.64,7.28,-1.00,0.05,0.11,0.19,0.48,0.52,0.16,0.09,-1.00,0.01,0.11,1.48,-1.00,-1.00,-1.00,-1.00,-1.00,-1.00,-1.00,-1.00,-1.00,-1.00,-1.00,0.06,0.14,
1.71,-1.00,6.36,6.15,6.31,6.56,7.24,-1.00,0.05,0.11,0.19,0.48,0.52,0.16,0.09,-1.00,0.01,0.11,1.48,-1.00,-1.00,-1.00,-1.00,-1.00,-1.00,-1.00,-1.00,-1.00,-1.00,-1.00,0.06,0.14,
1.71,-1.00,6.34,6.13,6.29,6.54,7.19,-1.00,-1.00,0.11,0.19,0.49,0.52,0.16,0.09,0.05,0.01,0.12,1.48,-1.00,-1.00,-1.00,-1.00,-1.00,-1.00,-1.00,-1.00,-1.00,-1.00,-1.00,0.06,0.14,
1.71,-1.00,-1.00,6.11,6.28,6.54,7.15,-1.00,-1.00,0.11,0.19,0.49,0.52,0.16,0.09,0.05,0.01,0.12,1.48,-1.00,-1.00,-1.00,-1.00,-1.00,-1.00,-1.00,-1.00,-1.00,-1.00,-1.00,0.06,0.14,
1.71,-1.00,-1.00,6.10,6.27,6.60,7.11,-1.00,-1.00,0.11,0.19,0.50,0.52,0.17,0.09,0.05,0.01,0.12,1.48,-1.00,-1.00,-1.00,-1.00,-1.00,-1.00,-1.00,-1.00,-1.00,-1.00,-1.00,0.06,0.14,
1.71,-1.00,-1.00,6.09,6.34,6.66,7.08,-1.00,-1.00,0.11,0.18,0.50,0.52,0.17,0.09,0.05,0.01,0.12,1.48,-1.00,-1.00,-1.00,-1.00,-1.00,-1.00,-1.00,0.63,-1.00,-1.00,-1.00,0.06,0.14,
1.71,-1.00,-1.00,6.10,6.41,6.72,7.05,-1.00,0.05,0.11,0.18,0.50,0.52,0.17,0.09,-1.00,0.01,0.12,1.48,-1.00,-1.00,-1.00,-1.00,-1.00,-1.00,-1.00,0.62,-1.00,-1.00,-1.00,0.06,0.14,
1.70,-1.00,-1.00,6.15,6.48,6.79,7.02,-1.00,0.05,0.11,0.19,0.50,0.53,0.17,0.09,-1.00,0.01,0.12,1.48,-1.00,-1.00,-1.00,-1.00,-1.00,-1.00,-1.00,0.62,-1.00,-1.00,-1.00,0.06,0.14,
1.70,-1.00,-1.00,6.21,6.60,6.90,7.00,-1.00,0.05,0.11,0.19,0.50,0.53,0.16,0.09,-1.00,0.01,0.12,1.48,-1.00,-1.00,-1.00,-1.00,-1.00,-1.00,-1.00,0.62,-1.00,-1.00,-1.00,0.06,0.14,
1.70,-1.00,-1.00,6.27,6.72,7.02,6.98,-1.00,0.05,0.11,0.19,0.50,0.54,0.16,0.09,-1.00,0.01,0.12,1.48,-1.00,-1.00,-1.00,-1.00,-1.00,-1.00,-1.00,-1.00,0.83,-1.00,-1.00,0.06,0.14,
1.69,-1.00,-1.00,6.34,6.84,7.14,6.97,-1.00,0.05,0.11,0.19,0.50,0.54,0.16,0.09,-1.00,0.01,0.12,1.48,-1.00,-1.00,-1.00,-1.00,-1.00,-1.00,-1.00,-1.00,0.82,-1.00,-1.00,0.06,0.14,
1.69,-1.00,-1.00,6.42,6.97,7.27,6.97,-1.00,0.05,0.11,0.19,0.50,0.54,0.16,0.09,-1.00,0.01,0.12,1.48,-1.00,-1.00,-1.00,-1.00,-1.00,-1.00,-1.00,-1.00,0.81,-1.00,-1.00,0.06,0.14,
1.69,-1.00,-1.00,6.49,7.10,7.40,6.97,-1.00,0.05,0.11,0.20,0.50,0.54,0.16,0.09,-1.00,0.01,0.12,1.48,-1.00,-1.00,-1.00,-1.00,-1.00,-1.00,-1.00,-1.00,0.81,-1.00,-1.00,0.06,0.14,
1.69,-1.00,-1.00,6.57,7.23,7.54,6.97,-1.00,0.05,0.11,0.20,0.50,0.54,0.16,0.09,-1.00,0.01,0.12,1.48,-1.00,-1.00,-1.00,-1.00,-1.00,-1.00,-1.00,-1.00,0.80,-1.00,-1.00,0.06,0.14,
1.69,-1.00,-1.00,6.65,7.37,7.67,6.97,-1.00,0.05,0.11,0.20,0.50,0.54,0.16,0.09,-1.00,0.01,0.12,1.48,-1.00,-1.00,-1.00,-1.00,-1.00,-1.00,-1.00,-1.00,0.79,-1.00,-1.00,0.06,0.14,
1.69,-1.00,-1.00,6.73,7.50,7.80,6.98,-1.00,0.05,0.11,0.20,0.50,0.54,0.16,0.09,-1.00,0.01,0.12,1.48,-1.00,-1.00,-1.00,-1.00,-1.00,-1.00,-1.00,-1.00,0.78,-1.00,-1.00,0.06,0.14,
1.69,-1.00,-1.00,6.81,7.59,7.89,6.98,-1.00,0.05,0.11,0.19,0.50,0.54,0.16,0.09,-1.00,0.01,0.12,1.48,-1.00,-1.00,-1.00,-1.00,-1.00,-1.00,-1.00,-1.00,0.77,-1.00,-1.00,0.06,0.14,
1.68,-1.00,-1.00,6.84,7.68,7.97,6.98,-1.00,0.05,0.11,0.19,0.50,0.53,0.16,0.09,-1.00,0.01,0.12,1.48,-1.00,-1.00,-1.00,-1.00,-1.00,-1.00,-1.00,-1.00,0.76,-1.00,-1.00,0.06,0.14,
1.68,-1.00,-1.00,6.87,7.77,8.05,6.99,-1.00,0.05,0.11,0.19,0.50,0.53,0.16,0.09,-1.00,0.01,0.12,1.48,-1.00,-1.00,-1.00,-1.00,-1.00,-1.00,-1.00,-1.00,0.75,-1.00,-1.00,0.06,0.14,
1.68,-1.00,-1.00,6.90,7.86,8.12,6.99,-1.00,0.05,0.11,0.19,0.50,0.53,0.16,0.09,-1.00,0.01,0.12,1.48,-1.00,-1.00,-1.00,-1.00,-1.00,-1.00,-1.00,-1.00,0.75,-1.00,-1.00,0.06,0.14,
1.68,-1.00,-1.00,6.92,7.95,8.20,6.99,-1.00,0.05,0.11,0.19,0.50,0.53,0.16,0.09,-1.00,0.01,0.12,1.48,-1.00,-1.00,-1.00,-1.00,-1.00,-1.00,-1.00,-1.00,0.74,-1.00,-1.00,0.06,0.14,
1.69,-1.00,-1.00,6.94,8.03,8.28,7.00,-1.00,0.05,0.11,0.20,0.49,0.53,0.16,0.09,-1.00,0.01,0.12,1.48,-1.00,-1.00,-1.00,-1.00,-1.00,-1.00,-1.00,-1.00,0.73,-1.00,-1.00,0.06,0.14,
1.69,-1.00,-1.00,6.96,8.11,8.35,7.00,-1.00,0.05,0.12,0.20,0.49,0.53,0.16,0.08,-1.00,0.01,0.12,1.48,-1.00,-1.00,-1.00,-1.00,-1.00,-1.00,-1.00,-1.00,0.72,-1.00,-1.00,0.06,0.14,
1.69,-1.00,-1.00,6.97,8.20,8.37,7.00,-1.00,0.05,0.12,0.20,0.48,0.53,0.15,0.08,-1.00,0.01,0.12,1.48,-1.00,-1.00,-1.00,-1.00,-1.00,-1.00,-1.00,-1.00,0.72,-1.00,-1.00,0.06,0.14,
1.69,-1.00,-1.00,6.98,8.21,8.38,7.01,-1.00,0.05,0.12,0.20,0.48,0.54,0.15,0.08,-1.00,0.01,0.11,1.48,-1.00,-1.00,-1.00,-1.00,-1.00,-1.00,-1.00,-1.00,0.71,-1.00,-1.00,0.06,0.14,
1.69,-1.00,-1.00,6.98,8.22,8.39,7.01,-1.00,0.05,0.12,0.20,0.48,0.53,0.15,0.08,-1.00,0.01,0.11,1.48,-1.00,-1.00,-1.00,-1.00,-1.00,-1.00,-1.00,-1.00,0.70,-1.00,-1.00,0.06,0.14,
1.69,-1.00,-1.00,6.98,8.23,8.40,7.01,-1.00,0.05,0.12,0.20,0.47,0.53,0.15,0.08,-1.00,0.01,0.11,1.48,-1.00,-1.00,-1.00,-1.00,-1.00,-1.00,-1.00,-1.00,0.69,-1.00,-1.00,0.06,0.14,
1.69,-1.00,-1.00,6.98,8.24,8.41,7.02,-1.00,0.05,0.12,0.20,0.47,0.53,0.15,0.08,-1.00,0.01,0.11,1.48,-1.00,-1.00,-1.00,-1.00,-1.00,-1.00,-1.00,-1.00,0.69,-1.00,-1.00,0.06,0.14,
1.69,-1.00,-1.00,6.98,8.25,8.42,7.02,-1.00,0.05,0.12,0.20,0.47,0.53,0.15,0.08,-1.00,0.01,0.11,1.49,-1.00,-1.00,-1.00,-1.00,-1.00,-1.00,-1.00,-1.00,0.68,-1.00,-1.00,0.06,0.14,
1.70,-1.00,-1.00,6.97,8.26,8.43,7.02,-1.00,0.05,0.12,0.20,0.47,0.52,0.15,0.08,-1.00,0.01,0.11,1.49,-1.00,-1.00,-1.00,-1.00,-1.00,-1.00,-1.00,-1.00,0.67,-1.00,-1.00,0.06,0.14,
1.70,-1.00,-1.00,6.97,8.27,8.44,7.02,-1.00,0.05,0.12,0.20,0.47,0.52,0.15,0.08,-1.00,0.01,0.11,1.49,-1.00,-1.00,-1.00,-1.00,-1.00,-1.00,-1.00,0.70,-1.00,-1.00,-1.00,0.06,0.14,
1.70,-1.00,-1.00,6.97,8.28,8.45,7.02,-1.00,0.05,0.12,0.20,0.47,0.52,0.15,0.08,-1.00,0.01,0.11,1.49,-1.00,-1.00,-1.00,-1.00,-1.00,-1.00,-1.00,0.69,-1.00,-1.00,-1.00,0.06,0.14,
1.70,-1.00,-1.00,6.98,8.29,8.45,7.03,-1.00,0.05,0.12,0.20,0.47,0.52,0.15,0.08,-1.00,0.01,0.11,1.49,-1.00,-1.00,-1.00,-1.00,-1.00,-1.00,-1.00,0.69,-1.00,-1.00,-1.00,0.06,0.14,
1.70,-1.00,-1.00,6.98,8.29,8.46,7.03,-1.00,0.05,0.12,0.20,0.47,0.51,0.15,0.08,-1.00,0.01,0.11,1.49,-1.00,-1.00,-1.00,-1.00,-1.00,-1.00,-1.00,0.68,-1.00,-1.00,-1.00,0.06,0.14,
1.70,-1.00,-1.00,6.98,8.29,8.46,7.03,-1.00,0.05,0.12,0.20,0.47,0.51,0.15,0.08,-1.00,0.01,0.11,1.49,-1.00,-1.00,-1.00,-1.00,-1.00,-1.00,-1.00,-1.00,-1.00,-1.00,-1.00,0.06,0.14,
1.70,-1.00,-1.00,6.99,8.22,8.39,7.04,-1.00,0.05,0.12,0.20,0.47,0.51,0.15,0.08,-1.00,0.01,0.11,1.49,-1.00,-1.00,-1.00,-1.00,-1.00,-1.00,-1.00,-1.00,-1.00,-1.00,-1.00,0.06,0.14,
1.71,-1.00,6.92,6.99,8.15,8.32,7.04,-1.00,0.05,0.12,0.20,0.47,0.51,0.15,0.08,-1.00,0.01,0.11,1.49,-1.00,-1.00,-1.00,-1.00,-1.00,-1.00,-1.00,-1.00,-1.00,-1.00,-1.00,0.06,0.14,
1.71,-1.00,6.93,6.98,8.08,8.25,7.04,-1.00,0.05,0.12,0.20,0.47,0.51,0.15,0.08,-1.00,0.01,0.11,1.49,-1.00,-1.00,-1.00,-1.00,-1.00,-1.00,-1.00,-1.00,-1.00,-1.00,-1.00,0.06,0.14,
1.71,-1.00,6.93,6.98,8.00,8.18,7.05,-1.00,0.05,0.12,0.20,0.47,0.51,0.15,0.08,-1.00,0.01,0.11,1.49,-1.00,-1.00,-1.00,-1.00,-1.00,-1.00,-1.00,-1.00,-1.00,-1.00,-1.00,0.06,0.14,
1.71,-1.00,6.93,6.97,7.93,8.11,7.05,-1.00,0.05,0.12,0.20,0.47,0.51,0.15,0.08,-1.00,0.01,0.11,1.49,-1.00,-1.00,-1.00,-1.00,-1.00,-1.00,-1.00,-1.00,-1.00,-1.00,-1.00,0.06,0.14,
1.71,-1.00,6.89,6.90,7.81,8.00,7.05,-1.00,0.05,0.12,0.20,0.47,0.51,0.15,0.08,-1.00,0.01,0.11,1.49,-1.00,-1.00,-1.00,-1.00,-1.00,-1.00,-1.00,-1.00,-1.00,-1.00,-1.00,0.06,0.14,
1.70,-1.00,6.83,6.83,7.69,7.85,7.05,-1.00,0.05,0.12,0.20,0.47,0.51,0.15,0.08,-1.00,0.01,0.11,1.49,-1.00,-1.00,-1.00,-1.00,-1.00,-1.00,-1.00,-1.00,-1.00,-1.00,-1.00,0.06,0.14,
1.70,-1.00,6.75,6.76,7.56,7.70,7.05,-1.00,0.05,0.12,0.20,0.47,0.51,0.15,0.08,-1.00,0.01,0.11,1.49,-1.00,-1.00,-1.00,-1.00,-1.00,-1.00,-1.00,-1.00,-1.00,-1.00,-1.00,0.06,0.14,
1.70,-1.00,6.66,6.68,7.43,7.54,7.04,-1.00,0.05,0.12,0.20,0.47,0.51,0.15,0.08,-1.00,0.01,0.11,1.49,-1.00,-1.00,-1.00,-1.00,-1.00,-1.00,-1.00,-1.00,-1.00,-1.00,-1.00,0.06,0.14,
1.70,-1.00,6.56,6.60,7.29,7.38,6.98,-1.00,0.05,0.12,0.20,0.47,0.52,0.15,0.08,-1.00,0.01,0.11,1.49,-1.00,-1.00,-1.00,-1.00,-1.00,-1.00,-1.00,-1.00,-1.00,-1.00,-1.00,0.06,0.14,
1.70,-1.00,6.47,6.52,7.15,7.22,6.93,-1.00,0.05,0.12,0.20,0.47,0.52,0.15,0.08,-1.00,0.01,0.11,1.49,-1.00,-1.00,-1.00,-1.00,-1.00,-1.00,-1.00,-1.00,-1.00,-1.00,-1.00,0.06,0.14,
1.70,-1.00,6.39,6.44,7.00,7.05,6.88,-1.00,0.05,0.12,0.20,0.47,0.52,0.15,0.08,-1.00,0.01,0.11,1.49,-1.00,-1.00,-1.00,-1.00,-1.00,-1.00,-1.00,-1.00,-1.00,-1.00,-1.00,0.06,0.14,
1.70,-1.00,6.33,6.35,6.85,6.87,6.83,-1.00,-1.00,0.12,0.20,0.48,0.52,0.15,0.08,0.05,0.01,0.11,1.49,-1.00,-1.00,-1.00,-1.00,-1.00,-1.00,-1.00,-1.00,-1.00,-1.00,-1.00,0.06,0.14,
1.70,-1.00,6.27,6.26,6.70,6.70,6.77,8.99,0.05,0.12,0.20,0.48,0.52,0.15,0.08,-1.00,0.01,0.11,1.48,-1.00,-1.00,-1.00,-1.00,-1.00,-1.00,-1.00,-1.00,-1.00,-1.00,-1.00,0.06,0.14,
1.70,-1.00,6.22,6.17,6.55,6.54,6.72,8.98,0.05,0.12,0.20,0.48,0.53,0.15,0.08,-1.00,0.01,0.11,1.48,-1.00,-1.00,-1.00,-1.00,-1.00,-1.00,-1.00,-1.00,-1.00,-1.00,-1.00,0.06,0.14,
1.70,-1.00,6.18,6.08,6.41,6.43,6.67,8.98,0.05,0.12,0.20,0.48,0.53,0.15,0.08,-1.00,0.01,0.11,1.48,-1.00,-1.00,-1.00,-1.00,-1.00,-1.00,-1.00,-1.00,-1.00,-1.00,-1.00,0.06,0.14,
1.70,-1.00,6.14,6.04,6.32,6.34,6.62,8.97,0.05,0.12,0.20,0.48,0.53,0.15,0.08,-1.00,0.01,0.11,1.48,-1.00,-1.00,-1.00,-1.00,-1.00,-1.00,-1.00,-1.00,-1.00,-1.00,-1.00,0.06,0.14,
1.70,-1.00,6.11,5.99,6.24,6.24,6.57,8.97,0.05,0.12,0.20,0.48,0.54,0.15,0.08,-1.00,0.01,0.11,1.48,-1.00,-1.00,-1.00,-1.00,-1.00,-1.00,-1.00,-1.00,-1.00,-1.00,-1.00,0.06,0.14,
1.70,-1.00,6.08,5.96,6.16,6.15,6.52,8.97,0.05,0.12,0.20,0.48,0.54,0.15,0.08,-1.00,0.01,0.11,1.48,-1.00,-1.00,-1.00,-1.00,-1.00,-1.00,-1.00,-1.00,-1.00,-1.00,-1.00,0.06,0.14,
1.70,-1.00,6.06,5.92,6.15,6.14,6.47,8.96,-1.00,0.12,0.20,0.49,0.54,0.16,0.08,0.05,0.01,0.12,1.48,-1.00,-1.00,-1.00,-1.00,-1.00,-1.00,-1.00,-1.00,-1.00,-1.00,-1.00,0.06,0.14,
1.70,-1.00,-1.00,5.90,6.15,6.13,6.42,8.96,-1.00,0.11,0.20,0.49,0.54,0.16,0.09,0.05,0.01,0.12,1.48,-1.00,-1.00,-1.00,-1.00,-1.00,-1.00,-1.00,-1.00,-1.00,-1.00,-1.00,0.06,0.14,
1.70,-1.00,-1.00,5.88,6.14,6.18,6.38,8.96,-1.00,0.11,0.19,0.50,0.54,0.16,0.09,0.05,0.01,0.12,1.48,-1.00,-1.00,-1.00,-1.00,-1.00,-1.00,-1.00,-1.00,-1.00,-1.00,-1.00,0.06,0.14,
1.70,-1.00,-1.00,5.87,6.21,6.24,6.33,8.96,-1.00,0.11,0.19,0.51,0.53,0.17,0.09,0.05,0.01,0.12,1.48,-1.00,-1.00,-1.00,-1.00,-1.00,-1.00,-1.00,0.64,-1.00,-1.00,-1.00,0.06,0.14,
1.70,-1.00,-1.00,5.87,6.28,6.30,6.28,8.97,0.05,0.11,0.19,0.51,0.54,0.17,0.09,-1.00,0.01,0.12,1.47,-1.00,-1.00,-1.00,-1.00,-1.00,-1.00,-1.00,0.63,-1.00,-1.00,-1.00,0.06,0.14,
1.70,-1.00,-1.00,5.93,6.39,6.40,6.24,-1.00,0.05,0.11,0.19,0.51,0.54,0.17,0.09,-1.00,0.01,0.12,1.47,-1.00,-1.00,-1.00,-1.00,-1.00,-1.00,-1.00,0.63,-1.00,-1.00,-1.00,0.06,0.14,
1.70,-1.00,-1.00,6.00,6.50,6.54,6.20,-1.00,0.05,0.11,0.19,0.51,0.54,0.17,0.09,-1.00,0.01,0.12,1.47,-1.00,-1.00,-1.00,-1.00,-1.00,-1.00,-1.00,0.62,-1.00,-1.00,-1.00,0.06,0.14,
1.70,-1.00,-1.00,6.08,6.62,6.68,6.16,-1.00,0.05,0.11,0.19,0.51,0.54,0.17,0.09,-1.00,0.01,0.12,1.47,-1.00,-1.00,-1.00,-1.00,-1.00,-1.00,-1.00,-1.00,0.83,-1.00,-1.00,0.06,0.14,
1.70,-1.00,-1.00,6.15,6.74,6.83,6.12,-1.00,0.05,0.11,0.19,0.51,0.54,0.17,0.09,-1.00,0.01,0.12,1.47,-1.00,-1.00,-1.00,-1.00,-1.00,-1.00,-1.00,-1.00,0.82,-1.00,-1.00,0.06,0.14,
1.70,-1.00,-1.00,6.23,6.87,6.98,6.13,-1.00,0.05,0.11,0.19,0.51,0.54,0.17,0.09,-1.00,0.01,0.12,1.47,-1.00,-1.00,-1.00,-1.00,-1.00,-1.00,-1.00,-1.00,0.81,-1.00,-1.00,0.06,0.14,
1.70,-1.00,-1.00,6.31,7.01,7.13,6.14,-1.00,0.05,0.11,0.19,0.51,0.54,0.17,0.09,-1.00,0.01,0.12,1.47,-1.00,-1.00,-1.00,-1.00,-1.00,-1.00,-1.00,-1.00,0.80,-1.00,-1.00,0.06,0.14,
1.70,-1.00,-1.00,6.40,7.15,7.29,6.15,-1.00,0.05,0.11,0.19,0.51,0.54,0.17,0.09,-1.00,0.01,0.12,1.47,-1.00,-1.00,-1.00,-1.00,-1.00,-1.00,-1.00,-1.00,0.79,-1.00,-1.00,0.06,0.14,
1.70,-1.00,-1.00,6.49,7.29,7.45,6.17,-1.00,0.05,0.11,0.20,0.50,0.55,0.16,0.09,-1.00,0.01,0.12,1.47,-1.00,-1.00,-1.00,-1.00,-1.00,-1.00,-1.00,-1.00,0.79,-1.00,-1.00,0.06,0.14,
1.69,-1.00,-1.00,6.57,7.43,7.61,6.18,-1.00,-1.00,0.11,0.19,0.51,0.54,0.16,0.09,0.05,0.01,0.12,1.47,-1.00,-1.00,-1.00,-1.00,-1.00,-1.00,-1.00,-1.00,0.78,-1.00,-1.00,0.06,0.14,
1.69,-1.00,-1.00,6.66,7.58,7.77,-1.00,-1.00,0.05,0.11,0.19,0.51,0.54,0.16,0.09,-1.00,0.01,0.12,1.47,-1.00,-1.00,-1.00,-1.00,-1.00,-1.00,-1.00,-1.00,0.77,-1.00,-1.00,0.06,0.14,
1.69,-1.00,-1.00,6.74,7.71,7.87,-1.00,2.69,0.05,0.11,0.19,0.51,0.54,0.16,0.09,-1.00,0.01,0.12,1.47,-1.00,-1.00,-1.00,-1.00,-1.00,-1.00,-1.00,-1.00,0.76,-1.00,-1.00,0.06,0.14,
1.69,-1.00,-1.00,6.78,-1.00,-1.00,2.46,2.69,0.05,0.11,0.19,0.51,0.54,0.16,0.09,-1.00,0.01,0.12,1.48,-1.00,-1.00,-1.00,-1.00,-1.00,-1.00,-1.00,-1.00,0.75,-1.00,-1.00,0.06,0.14,
1.68,-1.00,-1.00,6.81,-1.00,-1.00,2.46,2.69,0.05,0.11,0.19,0.50,0.53,0.16,0.09,-1.00,0.01,0.12,1.48,-1.00,-1.00,-1.00,-1.00,-1.00,-1.00,-1.00,-1.00,0.74,-1.00,-1.00,0.06,0.14,
1.68,-1.00,-1.00,6.84,-1.00,-1.00,2.46,2.69,-1.00,0.11,0.19,0.51,0.53,0.17,0.09,0.05,0.01,0.12,1.48,-1.00,-1.00,-1.00,-1.00,-1.00,-1.00,-1.00,-1.00,0.73,-1.00,-1.00,0.06,0.14,
1.68,-1.00,-1.00,6.87,-1.00,-1.00,-1.00,2.69,-1.00,0.11,0.19,0.50,0.53,0.17,0.09,0.05,0.01,0.12,1.48,-1.00,-1.00,-1.00,-1.00,-1.00,-1.00,-1.00,-1.00,0.73,-1.00,-1.00,0.06,0.14,
1.68,-1.00,-1.00,6.89,-1.00,-1.00,-1.00,2.69,0.05,0.11,0.19,0.50,0.53,0.16,0.09,-1.00,0.01,0.12,1.48,-1.00,-1.00,-1.00,-1.00,-1.00,-1.00,-1.00,-1.00,0.72,-1.00,-1.00,0.06,0.14,
1.68,-1.00,-1.00,6.90,-1.00,-1.00,-1.00,-1.00,0.05,0.11,0.19,0.49,0.53,0.16,0.09,-1.00,0.01,0.12,1.48,-1.00,-1.00,-1.00,-1.00,-1.00,-1.00,-1.00,-1.00,0.71,-1.00,-1.00,0.06,0.14,
1.68,-1.00,-1.00,6.91,-1.00,-1.00,7.82,-1.00,0.05,0.11,0.20,0.48,0.53,0.16,0.09,-1.00,0.01,0.12,1.48,-1.00,-1.00,-1.00,-1.00,-1.00,-1.00,-1.00,-1.00,0.70,-1.00,-1.00,0.06,0.14,
1.68,-1.00,-1.00,6.92,-1.00,-1.00,7.82,-1.00,0.05,0.11,0.20,0.48,0.53,0.16,0.09,-1.00,0.01,0.12,1.48,-1.00,-1.00,-1.00,-1.00,-1.00,-1.00,-1.00,-1.00,0.70,-1.00,-1.00,0.06,0.14,
1.68,-1.00,-1.00,6.92,-1.00,-1.00,7.82,-1.00,0.05,0.11,0.19,0.48,0.52,0.16,0.09,-1.00,0.01,0.12,1.48,-1.00,-1.00,-1.00,-1.00,-1.00,-1.00,-1.00,-1.00,0.69,-1.00,-1.00,0.06,0.14,
1.68,-1.00,-1.00,6.91,-1.00,-1.00,7.82,-1.00,0.05,0.11,0.19,0.48,0.52,0.16,0.09,-1.00,0.01,0.12,1.48,-1.00,-1.00,-1.00,-1.00,-1.00,-1.00,-1.00,-1.00,0.69,-1.00,-1.00,0.06,0.14,
1.68,-1.00,-1.00,6.91,-1.00,-1.00,7.82,-1.00,0.05,0.11,0.19,0.48,0.52,0.16,0.09,-1.00,0.01,0.12,1.48,-1.00,-1.00,-1.00,-1.00,-1.00,-1.00,-1.00,-1.00,0.68,-1.00,-1.00,0.06,0.14,
1.68,-1.00,-1.00,6.91,-1.00,-1.00,7.82,-1.00,0.05,0.11,0.19,0.48,0.51,0.16,0.09,-1.00,0.01,0.12,1.50,-1.00,-1.00,-1.00,-1.00,-1.00,-1.00,-1.00,-1.00,0.67,-1.00,-1.00,0.06,0.14,
1.68,-1.00,-1.00,6.90,8.26,8.56,7.82,-1.00,0.05,0.11,0.19,0.47,0.51,0.16,0.09,-1.00,0.01,0.12,1.50,-1.00,-1.00,-1.00,-1.00,-1.00,-1.00,-1.00,0.65,-1.00,-1.00,-1.00,0.06,0.14,
1.68,-1.00,-1.00,6.91,8.24,8.52,7.83,-1.00,0.05,0.11,0.19,0.47,0.51,0.16,0.09,-1.00,0.01,0.12,1.50,-1.00,-1.00,-1.00,-1.00,-1.00,-1.00,-1.00,0.64,-1.00,-1.00,-1.00,0.07,0.14,
1.68,-1.00,-1.00,6.91,8.24,8.51,7.83,-1.00,0.05,0.11,0.19,0.47,0.51,0.16,0.09,-1.00,0.01,0.12,1.50,-1.00,-1.00,-1.00,-1.00,-1.00,-1.00,-1.00,0.64,-1.00,-1.00,-1.00,0.07,0.14,
1.68,-1.00,-1.00,6.91,8.23,8.51,7.84,-1.00,0.05,0.11,0.19,0.47,0.50,0.16,0.09,-1.00,0.01,0.12,1.49,-1.00,-1.00,-1.00,-1.00,-1.00,-1.00,-1.00,0.63,-1.00,-1.00,-1.00,0.07,0.14,
1.68,-1.00,-1.00,6.92,8.22,8.49,7.84,-1.00,0.05,0.11,0.19,0.47,0.50,0.16,0.08,-1.00,0.01,0.12,1.49,-1.00,-1.00,-1.00,-1.00,-1.00,-1.00,-1.00,-1.00,-1.00,-1.00,-1.00,0.07,0.14,
1.68,-1.00,-1.00,6.92,7.97,8.23,7.84,-1.00,0.05,0.11,0.19,0.46,0.50,0.16,0.08,-1.00,0.01,0.12,1.49,-1.00,-1.00,-1.00,-1.00,-1.00,-1.00,-1.00,-1.00,-1.00,-1.00,-1.00,0.07,0.14,
1.69,-1.00,6.95,6.93,7.80,8.04,7.84,-1.00,0.05,0.11,0.19,0.46,0.50,0.16,0.08,-1.00,0.01,0.12,1.49,-1.00,-1.00,-1.00,-1.00,-1.00,-1.00,-1.00,-1.00,-1.00,-1.00,-1.00,0.07,0.14,
1.69,-1.00,6.95,6.92,7.66,7.91,7.83,-1.00,0.05,0.11,0.19,0.46,0.50,0.16,0.08,-1.00,0.01,0.12,1.49,-1.00,-1.00,-1.00,-1.00,-1.00,-1.00,-1.00,-1.00,-1.00,-1.00,-1.00,0.07,0.14,
1.69,-1.00,6.95,6.92,7.56,7.80,7.81,-1.00,0.05,0.11,0.19,0.46,0.50,0.16,0.08,-1.00,0.01,0.12,1.49,-1.00,-1.00,-1.00,-1.00,-1.00,-1.00,-1.00,-1.00,-1.00,-1.00,-1.00,0.07,0.14,
1.69,-1.00,6.88,6.84,7.37,7.60,7.79,-1.00,0.05,0.12,0.20,0.46,0.50,0.15,0.08,-1.00,0.01,0.12,1.49,-1.00,-1.00,-1.00,-1.00,-1.00,-1.00,-1.00,-1.00,-1.00,-1.00,-1.00,0.07,0.14,
1.69,-1.00,6.76,6.77,7.21,7.37,7.68,-1.00,0.05,0.12,0.20,0.46,0.51,0.15,0.08,-1.00,0.01,0.12,1.49,-1.00,-1.00,-1.00,-1.00,-1.00,-1.00,-1.00,-1.00,-1.00,-1.00,-1.00,0.07,0.14,
1.70,-1.00,6.60,6.69,7.07,7.17,7.58,-1.00,0.05,0.12,0.20,0.46,0.51,0.15,0.08,-1.00,0.01,0.12,1.49,-1.00,-1.00,-1.00,-1.00,-1.00,-1.00,-1.00,-1.00,-1.00,-1.00,-1.00,0.07,0.14,
1.70,-1.00,6.47,6.61,6.94,6.99,7.50,-1.00,0.05,0.12,0.20,0.46,0.51,0.15,0.08,-1.00,0.01,0.12,1.49,-1.00,-1.00,-1.00,-1.00,-1.00,-1.00,-1.00,-1.00,-1.00,-1.00,-1.00,0.07,0.14,
1.70,-1.00,6.36,6.52,6.83,6.84,7.42,8.95,0.05,0.12,0.20,0.46,0.51,0.15,0.08,-1.00,0.01,0.12,1.49,-1.00,-1.00,-1.00,-1.00,-1.00,-1.00,-1.00,-1.00,-1.00,-1.00,-1.00,0.07,0.14,
1.71,-1.00,6.28,6.44,6.73,6.70,7.32,8.84,0.05,0.12,0.20,0.46,0.51,0.15,0.08,-1.00,0.01,0.12,1.49,-1.00,-1.00,-1.00,-1.00,-1.00,-1.00,-1.00,-1.00,-1.00,-1.00,-1.00,0.07,0.14,
1.71,-1.00,6.22,6.36,6.65,6.57,7.23,8.73,0.05,0.12,0.20,0.46,0.51,0.15,0.08,-1.00,0.01,0.12,1.49,-1.00,-1.00,-1.00,-1.00,-1.00,-1.00,-1.00,-1.00,-1.00,-1.00,-1.00,0.07,0.14,
1.71,-1.00,6.16,6.27,6.57,6.46,7.13,8.63,0.05,0.12,0.20,0.47,0.52,0.15,0.08,-1.00,0.01,0.12,1.49,-1.00,-1.00,-1.00,-1.00,-1.00,-1.00,-1.00,-1.00,-1.00,-1.00,-1.00,0.07,0.14,
1.71,-1.00,6.11,6.19,6.50,6.36,7.03,8.55,0.05,0.12,0.20,0.47,0.52,0.15,0.08,-1.00,0.01,0.12,1.48,-1.00,-1.00,-1.00,-1.00,-1.00,-1.00,-1.00,-1.00,-1.00,-1.00,-1.00,0.07,0.14,
1.71,-1.00,6.07,6.11,6.44,6.26,6.94,8.46,-1.00,0.12,0.20,0.47,0.52,0.15,0.08,0.05,0.01,0.12,1.48,-1.00,-1.00,-1.00,-1.00,-1.00,-1.00,-1.00,-1.00,-1.00,-1.00,-1.00,0.07,0.14,
1.71,-1.00,6.03,6.02,6.38,6.18,6.84,8.40,-1.00,0.12,0.19,0.48,0.52,0.16,0.08,0.05,0.01,0.12,1.48,-1.00,-1.00,-1.00,-1.00,-1.00,-1.00,-1.00,-1.00,-1.00,-1.00,-1.00,0.07,0.14,
1.72,-1.00,6.00,5.93,6.23,5.98,6.74,8.34,0.05,0.12,0.19,0.48,0.52,0.16,0.08,-1.00,0.01,0.12,1.48,-1.00,-1.00,-1.00,-1.00,-1.00,-1.00,-1.00,-1.00,-1.00,-1.00,-1.00,0.07,0.14,
1.72,-1.00,5.97,5.84,6.08,5.79,6.64,8.30,0.05,0.12,0.20,0.48,0.52,0.16,0.08,-1.00,0.01,0.12,1.48,-1.00,-1.00,-1.00,-1.00,-1.00,-1.00,-1.00,-1.00,-1.00,-1.00,-1.00,0.07,0.14,
1.72,-1.00,5.94,5.74,5.94,5.65,6.54,8.27,0.05,0.12,0.20,0.48,0.53,0.16,0.08,-1.00,0.01,0.12,1.48,-1.00,-1.00,-1.00,-1.00,-1.00,-1.00,-1.00,-1.00,-1.00,-1.00,-1.00,0.07,0.14,
1.72,-1.00,5.92,5.65,5.83,5.56,6.45,8.24,0.05,0.12,0.20,0.49,0.53,0.16,0.08,-1.00,0.01,0.12,1.48,-1.00,-1.00,-1.00,-1.00,-1.00,-1.00,-1.00,-1.00,-1.00,-1.00,-1.00,0.07,0.14,
1.72,-1.00,5.90,5.62,5.81,5.55,6.35,8.22,0.05,0.12,0.20,0.49,0.54,0.16,0.08,-1.00,0.01,0.12,1.48,-1.00,-1.00,-1.00,-1.00,-1.00,-1.00,-1.00,-1.00,-1.00,-1.00,-1.00,0.07,0.14,
1.72,-1.00,5.88,5.60,5.79,5.54,6.26,8.21,0.05,0.12,0.20,0.49,0.54,0.16,0.08,-1.00,0.01,0.12,1.48,-1.00,-1.00,-1.00,-1.00,-1.00,-1.00,-1.00,-1.00,-1.00,-1.00,-1.00,0.07,0.14,
1.72,-1.00,5.81,5.58,5.78,5.54,6.18,8.19,0.05,0.12,0.20,0.49,0.54,0.16,0.08,-1.00,0.01,0.12,1.48,-1.00,-1.00,-1.00,-1.00,-1.00,-1.00,-1.00,-1.00,-1.00,-1.00,-1.00,0.07,0.14,
1.72,-1.00,5.74,5.57,5.77,5.53,6.10,8.18,-1.00,0.11,0.20,0.50,0.54,0.16,0.09,0.05,0.01,0.12,1.48,-1.00,-1.00,-1.00,-1.00,-1.00,-1.00,-1.00,-1.00,-1.00,-1.00,-1.00,0.07,0.14,
1.72,-1.00,-1.00,5.63,5.81,5.59,6.03,8.17,-1.00,0.11,0.19,0.50,0.54,0.16,0.09,0.05,0.01,0.12,1.47,-1.00,-1.00,-1.00,-1.00,-1.00,-1.00,-1.00,-1.00,-1.00,-1.00,-1.00,0.07,0.14,
1.73,-1.00,-1.00,5.70,5.93,5.76,6.03,8.17,-1.00,0.11,0.19,0.51,0.54,0.16,0.09,0.05,0.01,0.12,1.47,-1.00,-1.00,-1.00,-1.00,-1.00,-1.00,-1.00,0.67,-1.00,-1.00,-1.00,0.07,0.14,
1.73,-1.00,-1.00,5.77,6.06,5.93,6.04,8.16,0.05,0.11,0.19,0.51,0.54,0.16,0.09,-1.00,0.01,0.12,1.47,-1.00,-1.00,-1.00,-1.00,-1.00,-1.00,-1.00,0.66,-1.00,-1.00,-1.00,0.07,0.14,
1.72,-1.00,-1.00,5.86,6.19,6.11,6.04,-1.00,0.05,0.11,0.19,0.51,0.54,0.16,0.09,-1.00,0.01,0.13,1.47,-1.00,-1.00,-1.00,-1.00,-1.00,-1.00,-1.00,0.66,-1.00,-1.00,-1.00,0.07,0.14,
1.73,-1.00,-1.00,5.94,6.33,6.29,6.05,-1.00,0.05,0.11,0.19,0.51,0.54,0.16,0.09,-1.00,0.01,0.13,1.47,-1.00,-1.00,-1.00,-1.00,-1.00,-1.00,-1.00,0.65,-1.00,-1.00,-1.00,0.07,0.14,
1.72,-1.00,-1.00,6.03,6.47,6.47,6.06,-1.00,0.05,0.11,0.19,0.51,0.55,0.16,0.09,-1.00,0.01,0.13,1.47,-1.00,-1.00,-1.00,-1.00,-1.00,-1.00,-1.00,0.65,-1.00,-1.00,-1.00,0.07,0.14,
1.73,-1.00,-1.00,6.12,6.61,6.66,6.07,-1.00,0.05,0.11,0.19,0.51,0.55,0.16,0.09,-1.00,0.01,0.13,1.47,-1.00,-1.00,-1.00,-1.00,-1.00,-1.00,-1.00,-1.00,0.87,-1.00,-1.00,0.07,0.14,
1.72,-1.00,-1.00,6.21,6.75,6.85,6.08,-1.00,0.05,0.11,0.19,0.51,0.55,0.16,0.09,-1.00,0.01,0.13,1.47,-1.00,-1.00,-1.00,-1.00,-1.00,-1.00,-1.00,-1.00,0.86,-1.00,-1.00,0.07,0.14,
1.72,-1.00,-1.00,6.30,6.89,7.04,6.09,-1.00,0.05,0.11,0.19,0.51,0.55,0.16,0.09,-1.00,0.01,0.13,1.47,-1.00,-1.00,-1.00,-1.00,-1.00,-1.00,-1.00,-1.00,0.85,-1.00,-1.00,0.07,0.14,
1.73,-1.00,-1.00,6.39,7.04,7.24,6.10,-1.00,0.05,0.11,0.20,0.51,0.55,0.16,0.09,-1.00,0.01,0.13,1.47,-1.00,-1.00,-1.00,-1.00,-1.00,-1.00,-1.00,-1.00,0.84,-1.00,-1.00,0.07,0.14,
1.73,-1.00,-1.00,6.48,7.18,7.44,6.11,-1.00,0.05,0.11,0.20,0.50,0.55,0.16,0.09,-1.00,0.01,0.13,1.47,-1.00,-1.00,-1.00,-1.00,-1.00,-1.00,-1.00,-1.00,0.83,-1.00,-1.00,0.07,0.14,
1.73,-1.00,-1.00,6.57,7.33,7.63,6.12,-1.00,0.05,0.11,0.20,0.50,0.55,0.16,0.09,-1.00,0.01,0.13,1.47,-1.00,-1.00,-1.00,-1.00,-1.00,-1.00,-1.00,-1.00,0.82,-1.00,-1.00,0.07,0.14,
1.72,-1.00,-1.00,6.66,7.48,7.82,6.13,-1.00,-1.00,0.11,0.20,0.51,0.55,0.16,0.09,0.05,0.01,0.13,1.47,-1.00,-1.00,-1.00,-1.00,-1.00,-1.00,-1.00,-1.00,0.81,-1.00,-1.00,0.07,0.14,
1.72,-1.00,-1.00,6.75,7.63,7.97,-1.00,-1.00,-1.00,0.11,0.19,0.51,0.54,0.16,0.09,0.05,0.01,0.13,1.47,-1.00,-1.00,-1.00,-1.00,-1.00,-1.00,-1.00,-1.00,0.80,-1.00,-1.00,0.07,0.14,
1.72,-1.00,-1.00,6.83,7.73,8.06,-1.00,-1.00,-1.00,0.11,0.19,0.51,0.54,0.17,0.09,0.05,0.01,0.13,1.47,-1.00,-1.00,-1.00,-1.00,-1.00,-1.00,-1.00,-1.00,0.79,-1.00,-1.00,0.07,0.14,
1.72,-1.00,-1.00,6.86,7.83,8.15,-1.00,-1.00,-1.00,0.11,0.19,0.51,0.53,0.17,0.09,0.05,0.01,0.13,1.47,-1.00,-1.00,-1.00,-1.00,-1.00,-1.00,-1.00,-1.00,0.78,-1.00,-1.00,0.07,0.14,
1.72,-1.00,-1.00,6.89,7.93,8.23,-1.00,-1.00,-1.00,0.10,0.18,0.51,0.53,0.17,0.10,0.05,0.01,0.13,1.47,-1.00,-1.00,-1.00,-1.00,-1.00,-1.00,-1.00,-1.00,0.78,-1.00,-1.00,0.07,0.14,
1.72,-1.00,-1.00,6.91,8.02,8.32,-1.00,-1.00,-1.00,0.10,0.18,0.52,0.52,0.17,0.10,0.05,0.01,0.13,1.48,-1.00,-1.00,-1.00,-1.00,-1.00,-1.00,-1.00,-1.00,0.77,-1.00,-1.00,0.07,0.14,
1.71,-1.00,-1.00,6.92,8.11,8.41,-1.00,-1.00,-1.00,0.10,0.18,0.51,0.52,0.17,0.10,0.05,0.01,0.13,1.48,-1.00,-1.00,-1.00,-1.00,-1.00,-1.00,-1.00,-1.00,0.76,-1.00,-1.00,0.07,0.14,
1.71,-1.00,-1.00,6.94,8.20,8.49,-1.00,-1.00,0.05,0.10,0.18,0.51,0.52,0.17,0.10,-1.00,0.01,0.13,1.48,-1.00,-1.00,-1.00,-1.00,-1.00,-1.00,-1.00,-1.00,0.75,-1.00,-1.00,0.07,0.14,
1.71,-1.00,-1.00,6.95,8.22,8.50,7.74,-1.00,0.05,0.11,0.19,0.50,0.52,0.17,0.09,-1.00,0.01,0.13,1.48,-1.00,-1.00,-1.00,-1.00,-1.00,-1.00,-1.00,-1.00,0.74,-1.00,-1.00,0.07,0.14,
1.71,-1.00,-1.00,6.95,8.23,8.51,7.74,-1.00,0.05,0.11,0.18,0.50,0.52,0.17,0.09,-1.00,0.01,0.13,1.48,-1.00,-1.00,-1.00,-1.00,-1.00,-1.00,-1.00,-1.00,0.74,-1.00,-1.00,0.07,0.14,
1.71,-1.00,-1.00,6.95,8.24,8.51,7.75,-1.00,0.05,0.11,0.18,0.50,0.52,0.17,0.09,-1.00,0.01,0.13,1.48,-1.00,-1.00,-1.00,-1.00,-1.00,-1.00,-1.00,-1.00,0.73,-1.00,-1.00,0.07,0.14,
1.71,-1.00,-1.00,6.95,8.25,8.52,7.75,-1.00,0.05,0.11,0.18,0.50,0.51,0.17,0.09,-1.00,0.01,0.13,1.48,-1.00,-1.00,-1.00,-1.00,-1.00,-1.00,-1.00,-1.00,0.72,-1.00,-1.00,0.07,0.14,
1.70,-1.00,-1.00,6.94,8.26,8.53,7.75,-1.00,0.05,0.11,0.18,0.49,0.51,0.17,0.09,-1.00,0.01,0.13,1.48,-1.00,-1.00,-1.00,-1.00,-1.00,-1.00,-1.00,-1.00,0.72,-1.00,-1.00,0.07,0.14,
1.70,-1.00,-1.00,6.94,8.27,8.54,7.75,-1.00,0.05,0.10,0.18,0.49,0.51,0.17,0.09,-1.00,0.01,0.13,1.48,-1.00,-1.00,-1.00,-1.00,-1.00,-1.00,-1.00,-1.00,0.71,-1.00,-1.00,0.07,0.14,
1.70,-1.00,-1.00,6.94,8.28,8.55,7.76,-1.00,0.05,0.10,0.18,0.49,0.50,0.17,0.09,-1.00,0.01,0.13,1.48,-1.00,-1.00,-1.00,-1.00,-1.00,-1.00,-1.00,-1.00,0.70,-1.00,-1.00,0.07,0.14,
1.70,-1.00,-1.00,6.93,8.29,8.56,7.76,-1.00,-1.00,0.10,0.18,0.49,0.50,0.17,0.10,0.05,0.01,0.13,1.49,-1.00,-1.00,-1.00,-1.00,-1.00,-1.00,-1.00,0.70,-1.00,-1.00,-1.00,0.07,0.14,
1.70,-1.00,-1.00,6.93,8.30,8.57,7.76,-1.00,0.05,0.10,0.18,0.49,0.49,0.17,0.10,-1.00,0.01,0.13,1.49,-1.00,-1.00,-1.00,-1.00,-1.00,-1.00,-1.00,0.69,-1.00,-1.00,-1.00,0.07,0.14,
1.69,-1.00,-1.00,6.94,8.31,8.57,7.77,-1.00,0.05,0.10,0.18,0.49,0.49,0.17,0.10,-1.00,0.01,0.13,1.49,-1.00,-1.00,-1.00,-1.00,-1.00,-1.00,-1.00,0.69,-1.00,-1.00,-1.00,0.06,0.14,
1.69,-1.00,-1.00,6.94,8.31,8.58,7.77,-1.00,0.05,0.10,0.18,0.49,0.49,0.17,0.10,-1.00,0.01,0.13,1.49,-1.00,-1.00,-1.00,-1.00,-1.00,-1.00,-1.00,0.68,-1.00,-1.00,-1.00,0.06,0.14,
1.69,-1.00,-1.00,6.95,8.31,8.58,7.78,-1.00,0.05,0.10,0.18,0.48,0.49,0.17,0.09,-1.00,0.01,0.13,1.49,-1.00,-1.00,-1.00,-1.00,-1.00,-1.00,-1.00,-1.00,-1.00,-1.00,-1.00,0.06,0.14,
1.69,-1.00,-1.00,6.96,8.32,8.58,7.78,-1.00,0.05,0.11,0.18,0.48,0.49,0.17,0.09,-1.00,0.01,0.13,1.49,-1.00,-1.00,-1.00,-1.00,-1.00,-1.00,-1.00,-1.00,-1.00,-1.00,-1.00,0.06,0.14,
1.69,-1.00,-1.00,6.96,8.31,8.51,7.79,-1.00,0.05,0.11,0.19,0.48,0.49,0.16,0.09,-1.00,0.01,0.13,1.49,-1.00,-1.00,-1.00,-1.00,-1.00,-1.00,-1.00,-1.00,-1.00,-1.00,-1.00,0.06,0.14,
1.69,-1.00,6.87,6.97,8.24,8.44,7.79,-1.00,0.05,0.11,0.19,0.47,0.49,0.16,0.09,-1.00,0.01,0.13,1.49,-1.00,-1.00,-1.00,-1.00,-1.00,-1.00,-1.00,-1.00,-1.00,-1.00,-1.00,0.06,0.14,
1.69,-1.00,6.88,6.97,8.16,8.37,7.78,-1.00,0.05,0.11,0.19,0.47,0.50,0.16,0.09,-1.00,0.01,0.13,1.49,-1.00,-1.00,-1.00,-1.00,-1.00,-1.00,-1.00,-1.00,-1.00,-1.00,-1.00,0.06,0.14,
1.70,-1.00,6.88,6.97,8.08,8.29,7.78,-1.00,0.05,0.11,0.19,0.47,0.50,0.16,0.08,-1.00,0.01,0.13,1.49,-1.00,-1.00,-1.00,-1.00,-1.00,-1.00,-1.00,-1.00,-1.00,-1.00,-1.00,0.06,0.14,
1.70,-1.00,6.88,6.96,8.00,8.22,7.77,-1.00,0.05,0.12,0.20,0.46,0.50,0.15,0.08,-1.00,0.01,0.13,1.49,-1.00,-1.00,-1.00,-1.00,-1.00,-1.00,-1.00,-1.00,-1.00,-1.00,-1.00,0.06,0.14,
1.70,-1.00,6.84,6.89,7.88,8.09,7.75,-1.00,0.05,0.12,0.20,0.46,0.50,0.15,0.08,-1.00,0.01,0.13,1.49,-1.00,-1.00,-1.00,-1.00,-1.00,-1.00,-1.00,-1.00,-1.00,-1.00,-1.00,0.06,0.14,
1.70,-1.00,6.76,6.82,7.75,7.92,7.66,-1.00,0.05,0.12,0.20,0.47,0.50,0.15,0.08,-1.00,0.01,0.13,1.49,-1.00,-1.00,-1.00,-1.00,-1.00,-1.00,-1.00,-1.00,-1.00,-1.00,-1.00,0.06,0.14,
1.70,-1.00,6.62,6.74,7.62,7.75,7.58,-1.00,0.05,0.12,0.20,0.47,0.50,0.15,0.08,-1.00,0.01,0.13,1.49,-1.00,-1.00,-1.00,-1.00,-1.00,-1.00,-1.00,-1.00,-1.00,-1.00,-1.00,0.06,0.14,
1.70,-1.00,6.51,6.67,7.48,7.57,7.49,-1.00,0.05,0.12,0.20,0.47,0.51,0.15,0.08,-1.00,0.01,0.13,1.49,-1.00,-1.00,-1.00,-1.00,-1.00,-1.00,-1.00,-1.00,-1.00,-1.00,-1.00,0.06,0.14,
1.70,-1.00,6.41,6.59,7.33,7.38,7.40,-1.00,0.05,0.12,0.20,0.47,0.51,0.15,0.08,-1.00,0.01,0.13,1.49,-1.00,-1.00,-1.00,-1.00,-1.00,-1.00,-1.00,-1.00,-1.00,-1.00,-1.00,0.06,0.14,
1.70,-1.00,6.33,6.50,7.19,7.19,7.31,5.80,0.05,0.12,0.20,0.47,0.51,0.15,0.08,-1.00,0.01,0.13,1.49,-1.00,-1.00,-1.00,-1.00,-1.00,-1.00,-1.00,-1.00,-1.00,-1.00,-1.00,0.06,0.14,
1.70,-1.00,6.26,6.42,7.04,6.99,7.21,5.80,0.05,0.12,0.20,0.47,0.51,0.15,0.08,-1.00,0.01,0.13,1.49,-1.00,-1.00,-1.00,-1.00,-1.00,-1.00,-1.00,-1.00,-1.00,-1.00,-1.00,0.06,0.14,
1.71,-1.00,6.20,6.34,6.89,6.79,7.12,5.79,0.05,0.12,0.20,0.47,0.52,0.15,0.08,-1.00,0.01,0.13,1.49,-1.00,-1.00,-1.00,-1.00,-1.00,-1.00,-1.00,-1.00,-1.00,-1.00,-1.00,0.06,0.14,
1.71,-1.00,6.15,6.25,6.74,6.59,7.03,5.79,0.05,0.12,0.20,0.47,0.52,0.15,0.08,-1.00,0.01,0.13,1.48,-1.00,-1.00,-1.00,-1.00,-1.00,-1.00,-1.00,-1.00,-1.00,-1.00,-1.00,0.06,0.14,
1.71,-1.00,6.10,6.17,6.59,6.38,6.94,5.79,0.05,0.12,0.20,0.47,0.52,0.15,0.08,-1.00,0.01,0.13,1.48,-1.00,-1.00,-1.00,-1.00,-1.00,-1.00,-1.00,-1.00,-1.00,-1.00,-1.00,0.06,0.14,
1.71,-1.00,6.06,6.07,6.44,6.18,6.85,5.78,0.05,0.12,0.20,0.48,0.53,0.15,0.08,-1.00,0.01,0.13,1.48,-1.00,-1.00,-1.00,-1.00,-1.00,-1.00,-1.00,-1.00,-1.00,-1.00,-1.00,0.06,0.14,
1.71,-1.00,6.02,5.98,6.29,5.97,6.75,5.78,0.05,0.12,0.20,0.48,0.53,0.15,0.08,-1.00,0.01,0.13,1.48,-1.00,-1.00,-1.00,-1.00,-1.00,-1.00,-1.00,-1.00,-1.00,-1.00,-1.00,0.06,0.14,
1.71,-1.00,5.99,5.88,6.14,5.76,6.66,5.78,0.05,0.12,0.20,0.48,0.53,0.15,0.08,-1.00,0.01,0.13,1.48,-1.00,-1.00,-1.00,-1.00,-1.00,-1.00,-1.00,-1.00,-1.00,-1.00,-1.00,0.06,0.14,
1.71,-1.00,5.96,5.79,5.99,5.56,6.56,5.78,0.05,0.12,0.20,0.48,0.54,0.15,0.08,-1.00,0.01,0.13,1.48,-1.00,-1.00,-1.00,-1.00,-1.00,-1.00,-1.00,-1.00,-1.00,-1.00,-1.00,0.06,0.14,
1.71,-1.00,5.93,5.69,5.84,5.42,6.46,5.78,0.05,0.12,0.20,0.48,0.54,0.15,0.08,-1.00,0.01,0.12,1.48,-1.00,-1.00,-1.00,-1.00,-1.00,-1.00,-1.00,-1.00,-1.00,-1.00,-1.00,0.06,0.14,
1.71,-1.00,5.91,5.60,5.77,5.29,6.37,5.78,0.05,0.12,0.20,0.48,0.55,0.15,0.08,-1.00,0.01,0.12,1.48,-1.00,-1.00,-1.00,-1.00,-1.00,-1.00,-1.00,-1.00,-1.00,-1.00,-1.00,0.06,0.14,
1.72,-1.00,5.84,5.51,5.73,5.26,6.28,5.79,0.05,0.12,0.20,0.49,0.55,0.15,0.08,-1.00,0.01,0.12,1.48,-1.00,-1.00,-1.00,-1.00,-1.00,-1.00,-1.00,-1.00,-1.00,-1.00,-1.00,0.06,0.14,
1.72,-1.00,5.77,5.48,5.73,5.23,6.19,5.80,0.05,0.12,0.20,0.49,0.55,0.15,0.08,-1.00,0.01,0.12,1.47,-1.00,-1.00,-1.00,-1.00,-1.00,-1.00,-1.00,-1.00,-1.00,-1.00,-1.00,0.06,0.14,
1.72,-1.00,5.70,5.46,5.73,5.21,6.11,5.81,0.05,0.12,0.20,0.49,0.56,0.15,0.08,-1.00,0.01,0.12,1.47,-1.00,-1.00,-1.00,-1.00,-1.00,-1.00,-1.00,-1.00,-1.00,-1.00,-1.00,0.06,0.14,
1.72,-1.00,5.64,5.51,5.77,5.24,6.04,5.82,0.05,0.12,0.21,0.49,0.56,0.15,0.08,-1.00,0.01,0.12,1.47,-1.00,-1.00,-1.00,-1.00,-1.00,-1.00,-1.00,-1.00,-1.00,-1.00,-1.00,0.07,0.14,
1.72,-1.00,5.59,5.56,5.82,5.32,6.04,5.83,-1.00,0.12,0.20,0.50,0.56,0.15,0.08,0.05,0.01,0.12,1.47,-1.00,-1.00,-1.00,-1.00,-1.00,-1.00,-1.00,-1.00,-1.00,-1.00,-1.00,0.07,0.14,
1.72,-1.00,-1.00,5.62,5.87,5.41,6.04,5.84,-1.00,0.12,0.20,0.50,0.56,0.16,0.08,0.05,0.01,0.12,1.47,-1.00,-1.00,-1.00,-1.00,-1.00,-1.00,-1.00,-1.00,-1.00,-1.00,-1.00,0.07,0.14,
1.72,-1.00,-1.00,5.69,5.93,5.57,6.04,5.85,-1.00,0.11,0.20,0.51,0.56,0.16,0.09,0.05,0.01,0.12,1.47,-1.00,-1.00,-1.00,-1.00,-1.00,-1.00,-1.00,-1.00,-1.00,-1.00,-1.00,0.07,0.14,
1.71,-1.00,-1.00,5.77,6.07,5.74,6.05,5.86,0.05,0.11,0.20,0.51,0.56,0.16,0.09,-1.00,0.01,0.12,1.47,-1.00,-1.00,-1.00,-1.00,-1.00,-1.00,-1.00,0.70,-1.00,-1.00,-1.00,0.07,0.14,
1.71,-1.00,-1.00,5.85,6.21,5.92,6.05,-1.00,0.05,0.11,0.20,0.51,0.56,0.16,0.09,-1.00,0.01,0.12,1.47,-1.00,-1.00,-1.00,-1.00,-1.00,-1.00,-1.00,0.69,-1.00,-1.00,-1.00,0.07,0.14,
1.71,-1.00,-1.00,5.93,6.35,6.11,6.06,-1.00,0.05,0.11,0.20,0.51,0.56,0.16,0.09,-1.00,0.01,0.12,1.47,-1.00,-1.00,-1.00,-1.00,-1.00,-1.00,-1.00,0.69,-1.00,-1.00,-1.00,0.07,0.14,
1.71,-1.00,-1.00,6.02,6.49,6.30,6.06,-1.00,-1.00,0.11,0.20,0.52,0.56,0.16,0.09,0.05,0.01,0.12,1.46,-1.00,-1.00,-1.00,-1.00,-1.00,-1.00,-1.00,0.68,-1.00,-1.00,-1.00,0.07,0.14,
1.71,-1.00,-1.00,6.11,6.63,6.49,6.07,-1.00,-1.00,0.11,0.19,0.52,0.55,0.17,0.09,0.05,0.01,0.12,1.46,-1.00,-1.00,-1.00,-1.00,-1.00,-1.00,-1.00,0.67,-1.00,-1.00,-1.00,0.07,0.14,
1.71,-1.00,-1.00,6.20,6.77,6.68,6.08,-1.00,-1.00,0.11,0.19,0.52,0.55,0.17,0.09,0.05,0.01,0.12,1.46,-1.00,-1.00,-1.00,-1.00,-1.00,-1.00,-1.00,0.67,0.93,-1.00,-1.00,0.07,0.14,
1.71,-1.00,-1.00,6.29,6.92,6.88,6.09,-1.00,-1.00,0.11,0.19,0.53,0.55,0.17,0.09,0.05,0.01,0.12,1.46,-1.00,-1.00,-1.00,-1.00,-1.00,-1.00,-1.00,-1.00,0.92,-1.00,-1.00,0.07,0.14,
1.71,-1.00,-1.00,6.38,7.06,7.08,6.09,-1.00,-1.00,0.10,0.18,0.53,0.54,0.17,0.10,0.05,0.01,0.12,1.46,-1.00,-1.00,-1.00,-1.00,-1.00,-1.00,-1.00,-1.00,0.91,-1.00,-1.00,0.07,0.14,
1.70,-1.00,-1.00,6.48,7.21,7.28,6.10,-1.00,-1.00,0.10,0.18,0.53,0.54,0.18,0.10,0.05,0.01,0.12,1.46,-1.00,-1.00,-1.00,-1.00,-1.00,-1.00,-1.00,-1.00,0.90,-1.00,-1.00,0.07,0.14,
1.70,-1.00,-1.00,6.57,7.36,7.48,6.11,-1.00,-1.00,0.10,0.18,0.54,0.54,0.18,0.10,0.05,0.01,0.12,1.46,-1.00,-1.00,-1.00,-1.00,-1.00,-1.00,-1.00,-1.00,0.89,-1.00,-1.00,0.07,0.14,
1.70,-1.00,-1.00,6.66,7.51,7.68,6.12,-1.00,-1.00,0.10,0.18,0.54,0.53,0.18,0.10,0.05,0.01,0.12,1.46,-1.00,-1.00,-1.00,-1.00,-1.00,-1.00,-1.00,-1.00,0.88,-1.00,-1.00,0.07,0.14,
1.70,-1.00,-1.00,6.75,7.66,7.88,6.13,-1.00,0.05,0.10,0.18,0.54,0.53,0.18,0.10,-1.00,0.01,0.12,1.46,-1.00,-1.00,-1.00,-1.00,-1.00,-1.00,-1.00,-1.00,0.87,-1.00,-1.00,0.07,0.14,
1.70,-1.00,-1.00,6.84,7.77,7.98,6.14,-1.00,0.05,0.10,0.17,0.54,0.53,0.18,0.10,-1.00,0.01,0.12,1.46,-1.00,-1.00,-1.00,-1.00,-1.00,-1.00,-1.00,-1.00,0.86,-1.00,-1.00,0.07,0.14,
1.70,-1.00,-1.00,6.87,7.85,8.08,-1.00,-1.00,0.05,0.10,0.17,0.54,0.52,0.18,0.10,-1.00,0.01,0.12,1.47,-1.00,-1.00,-1.00,-1.00,-1.00,-1.00,-1.00,-1.00,0.85,-1.00,-1.00,0.07,0.14,
1.69,-1.00,-1.00,6.90,7.93,8.17,-1.00,2.74,-1.00,0.10,0.17,0.54,0.52,0.19,0.10,0.05,0.01,0.12,1.47,-1.00,-1.00,-1.00,-1.00,-1.00,-1.00,-1.00,-1.00,0.84,-1.00,-1.00,0.07,0.14,
1.69,-1.00,-1.00,6.93,8.02,-1.00,-1.00,2.74,0.05,0.10,0.17,0.54,0.52,0.19,0.10,-1.00,0.01,0.12,1.47,-1.00,-1.00,-1.00,-1.00,-1.00,-1.00,-1.00,-1.00,0.83,-1.00,-1.00,0.07,0.14,
1.69,-1.00,-1.00,6.95,-1.00,-1.00,-1.00,2.74,0.05,0.10,0.17,0.53,0.52,0.18,0.10,-1.00,0.01,0.12,1.47,-1.00,-1.00,-1.00,-1.00,-1.00,-1.00,-1.00,-1.00,0.82,-1.00,-1.00,0.07,0.14,
1.69,-1.00,-1.00,6.96,-1.00,-1.00,-1.00,2.74,-1.00,0.10,0.17,0.53,0.51,0.18,0.10,0.05,0.01,0.12,1.47,-1.00,-1.00,-1.00,-1.00,-1.00,-1.00,-1.00,-1.00,0.82,-1.00,-1.00,0.07,0.14,
1.69,-1.00,-1.00,6.98,-1.00,-1.00,-1.00,2.73,0.05,0.10,0.18,0.52,0.51,0.18,0.10,-1.00,0.01,0.12,1.47,-1.00,-1.00,-1.00,-1.00,-1.00,-1.00,-1.00,-1.00,0.81,-1.00,-1.00,0.07,0.14,
1.69,-1.00,-1.00,6.99,-1.00,-1.00,-1.00,2.73,-1.00,0.10,0.17,0.52,0.51,0.18,0.10,0.05,0.01,0.12,1.47,-1.00,-1.00,-1.00,-1.00,-1.00,-1.00,-1.00,-1.00,0.80,-1.00,-1.00,0.07,0.14,
1.69,-1.00,-1.00,6.99,-1.00,-1.00,-1.00,-1.00,-1.00,0.10,0.17,0.52,0.50,0.18,0.10,0.05,0.01,0.11,1.47,-1.00,-1.00,-1.00,-1.00,-1.00,-1.00,-1.00,-1.00,0.79,-1.00,-1.00,0.07,0.14,
1.69,-1.00,-1.00,6.99,-1.00,-1.00,-1.00,-1.00,0.05,0.10,0.17,0.52,0.50,0.18,0.10,-1.00,0.01,0.11,1.47,-1.00,-1.00,-1.00,-1.00,-1.00,-1.00,-1.00,-1.00,0.78,-1.00,-1.00,0.07,0.14,
1.69,-1.00,-1.00,6.98,-1.00,-1.00,7.76,-1.00,0.05,0.10,0.17,0.51,0.50,0.18,0.10,-1.00,0.01,0.11,1.47,-1.00,-1.00,-1.00,-1.00,-1.00,-1.00,-1.00,-1.00,0.77,-1.00,-1.00,0.07,0.14,
1.69,-1.00,-1.00,6.98,-1.00,-1.00,7.76,-1.00,0.05,0.10,0.17,0.51,0.50,0.18,0.10,-1.00,0.01,0.11,1.48,-1.00,-1.00,-1.00,-1.00,-1.00,-1.00,-1.00,-1.00,0.77,-1.00,-1.00,0.07,0.14,
1.69,-1.00,-1.00,6.98,-1.00,-1.00,7.76,-1.00,0.05,0.10,0.18,0.50,0.50,0.18,0.10,-1.00,0.01,0.11,1.48,-1.00,-1.00,-1.00,-1.00,-1.00,-1.00,-1.00,-1.00,0.76,-1.00,-1.00,0.07,0.14,
1.69,-1.00,-1.00,6.97,-1.00,-1.00,7.76,-1.00,0.05,0.10,0.18,0.50,0.50,0.17,0.10,-1.00,0.01,0.11,1.48,-1.00,-1.00,-1.00,-1.00,-1.00,-1.00,-1.00,-1.00,0.74,-1.00,-1.00,0.07,0.14,
1.69,-1.00,-1.00,6.97,-1.00,-1.00,7.76,-1.00,0.05,0.11,0.18,0.49,0.50,0.17,0.09,-1.00,0.01,0.11,1.48,-1.00,-1.00,-1.00,-1.00,-1.00,-1.00,-1.00,-1.00,0.73,-1.00,-1.00,0.07,0.14,
1.69,-1.00,-1.00,6.96,-1.00,-1.00,7.76,-1.00,-1.00,0.11,0.18,0.49,0.50,0.17,0.09,0.05,0.01,0.11,1.48,-1.00,-1.00,-1.00,-1.00,-1.00,-1.00,-1.00,0.72,-1.00,-1.00,-1.00,0.07,0.14,
1.69,-1.00,-1.00,6.96,8.36,8.74,7.77,-1.00,-1.00,0.11,0.18,0.48,0.49,0.17,0.09,0.05,0.01,0.11,1.48,-1.00,-1.00,-1.00,-1.00,-1.00,-1.00,-1.00,0.71,-1.00,-1.00,-1.00,0.06,0.14,
1.69,-1.00,-1.00,6.96,8.35,8.72,7.77,-1.00,-1.00,0.11,0.18,0.48,0.49,0.17,0.09,0.05,0.01,0.11,1.48,-1.00,-1.00,-1.00,-1.00,-1.00,-1.00,-1.00,0.70,-1.00,-1.00,-1.00,0.06,0.14,
1.69,-1.00,-1.00,6.96,8.32,8.67,7.77,-1.00,-1.00,0.10,0.18,0.48,0.49,0.17,0.10,0.05,0.01,0.11,1.48,-1.00,-1.00,-1.00,-1.00,-1.00,-1.00,-1.00,0.70,-1.00,-1.00,-1.00,0.06,0.14,
1.70,-1.00,-1.00,6.96,8.30,8.63,7.78,-1.00,-1.00,0.10,0.18,0.48,0.48,0.17,0.10,0.05,0.01,0.11,1.48,-1.00,-1.00,-1.00,-1.00,-1.00,-1.00,-1.00,0.69,-1.00,-1.00,-1.00,0.06,0.14,
1.70,-1.00,-1.00,6.97,8.29,8.61,7.79,-1.00,0.05,0.10,0.18,0.48,0.48,0.17,0.10,-1.00,0.01,0.11,1.48,-1.00,-1.00,-1.00,-1.00,-1.00,-1.00,-1.00,-1.00,-1.00,-1.00,-1.00,0.06,0.14,
1.70,-1.00,-1.00,6.97,8.28,8.59,7.79,-1.00,0.05,0.10,0.18,0.48,0.48,0.17,0.10,-1.00,0.01,0.11,1.48,-1.00,-1.00,-1.00,-1.00,-1.00,-1.00,-1.00,-1.00,-1.00,-1.00,-1.00,0.06,0.14,
1.70,-1.00,-1.00,6.98,8.26,8.40,7.79,-1.00,0.05,0.10,0.18,0.48,0.48,0.17,0.10,-1.00,0.01,0.11,1.48,-1.00,-1.00,-1.00,-1.00,-1.00,-1.00,-1.00,-1.00,-1.00,-1.00,-1.00,0.06,0.14,
1.70,-1.00,6.88,6.98,8.07,8.24,7.80,-1.00,0.05,0.10,0.18,0.48,0.48,0.17,0.10,-1.00,0.01,0.11,1.48,-1.00,-1.00,-1.00,-1.00,-1.00,-1.00,-1.00,-1.00,-1.00,-1.00,-1.00,0.06,0.14,
1.70,-1.00,6.88,6.98,7.92,8.12,7.79,-1.00,0.05,0.10,0.18,0.47,0.48,0.17,0.09,-1.00,0.01,0.11,1.48,-1.00,-1.00,-1.00,-1.00,-1.00,-1.00,-1.00,-1.00,-1.00,-1.00,-1.00,0.06,0.14,
1.70,-1.00,6.89,6.98,7.80,8.02,7.79,-1.00,0.05,0.10,0.18,0.47,0.48,0.17,0.09,-1.00,0.01,0.11,1.48,-1.00,-1.00,-1.00,-1.00,-1.00,-1.00,-1.00,-1.00,-1.00,-1.00,-1.00,0.06,0.14,
1.70,-1.00,6.89,6.97,7.70,7.94,7.78,-1.00,0.05,0.11,0.18,0.47,0.48,0.17,0.09,-1.00,0.01,0.11,1.48,-1.00,-1.00,-1.00,-1.00,-1.00,-1.00,-1.00,-1.00,-1.00,-1.00,-1.00,0.06,0.14,
1.70,-1.00,6.89,6.96,7.62,7.86,7.76,-1.00,0.05,0.11,0.19,0.47,0.49,0.16,0.09,-1.00,0.01,0.11,1.48,-1.00,-1.00,-1.00,-1.00,-1.00,-1.00,-1.00,-1.00,-1.00,-1.00,-1.00,0.06,0.14,
1.70,-1.00,6.86,6.90,7.54,7.79,7.75,-1.00,0.05,0.11,0.19,0.47,0.49,0.16,0.09,-1.00,0.01,0.11,1.48,-1.00,-1.00,-1.00,-1.00,-1.00,-1.00,-1.00,-1.00,-1.00,-1.00,-1.00,0.06,0.14,
1.70,-1.00,6.82,6.84,7.42,7.67,7.73,-1.00,0.05,0.11,0.19,0.47,0.49,0.16,0.09,-1.00,0.01,0.11,1.48,-1.00,-1.00,-1.00,-1.00,-1.00,-1.00,-1.00,-1.00,-1.00,-1.00,-1.00,0.06,0.14,
1.70,-1.00,6.77,6.78,7.31,7.57,7.71,-1.00,0.05,0.11,0.19,0.47,0.49,0.16,0.09,-1.00,0.01,0.11,1.48,-1.00,-1.00,-1.00,-1.00,-1.00,-1.00,-1.00,-1.00,-1.00,-1.00,-1.00,0.06,0.14,
1.70,-1.00,6.72,6.71,7.22,7.48,7.68,-1.00,0.05,0.11,0.19,0.47,0.49,0.16,0.09,-1.00,0.01,0.11,1.48,-1.00,-1.00,-1.00,-1.00,-1.00,-1.00,-1.00,-1.00,-1.00,-1.00,-1.00,0.06,0.14,
1.70,-1.00,6.68,6.64,7.13,7.40,7.66,-1.00,0.05,0.11,0.19,0.47,0.49,0.16,0.09,-1.00,0.01,0.11,1.48,-1.00,-1.00,-1.00,-1.00,-1.00,-1.00,-1.00,-1.00,-1.00,-1.00,-1.00,0.06,0.14,
1.71,-1.00,6.65,6.57,7.07,7.34,7.63,-1.00,0.05,0.11,0.19,0.47,0.50,0.16,0.09,-1.00,0.01,0.11,1.48,-1.00,-1.00,-1.00,-1.00,-1.00,-1.00,-1.00,-1.00,-1.00,-1.00,-1.00,0.06,0.14,
1.71,-1.00,6.61,6.51,7.01,7.28,7.60,-1.00,0.05,0.11,0.19,0.47,0.50,0.16,0.09,-1.00,0.01,0.11,1.48,-1.00,-1.00,-1.00,-1.00,-1.00,-1.00,-1.00,-1.00,-1.00,-1.00,-1.00,0.06,0.14,
1.71,-1.00,6.59,6.49,6.99,7.24,7.57,-1.00,0.05,0.11,0.19,0.47,0.51,0.16,0.09,-1.00,0.01,0.11,1.48,-1.00,-1.00,-1.00,-1.00,-1.00,-1.00,-1.00,-1.00,-1.00,-1.00,-1.00,0.06,0.14,
1.71,-1.00,6.57,6.46,6.91,7.14,7.54,-1.00,0.05,0.11,0.19,0.47,0.51,0.16,0.08,-1.00,0.01,0.11,1.48,-1.00,-1.00,-1.00,-1.00,-1.00,-1.00,-1.00,-1.00,-1.00,-1.00,-1.00,0.06,0.14,
1.71,-1.00,6.55,6.44,6.84,7.05,7.51,-1.00,0.05,0.12,0.20,0.47,0.52,0.15,0.08,-1.00,0.01,0.11,1.47,-1.00,-1.00,-1.00,-1.00,-1.00,-1.00,-1.00,-1.00,-1.00,-1.00,-1.00,0.06,0.14,
1.71,-1.00,6.53,6.42,6.76,6.96,7.48,-1.00,-1.00,0.12,0.20,0.47,0.52,0.15,0.08,0.05,0.01,0.11,1.47,-1.00,-1.00,-1.00,-1.00,-1.00,-1.00,-1.00,-1.00,-1.00,-1.00,-1.00,0.06,0.14,
1.71,-1.00,-1.00,6.40,6.69,6.87,7.45,-1.00,-1.00,0.11,0.19,0.48,0.52,0.16,0.08,0.05,0.01,0.11,1.47,-1.00,-1.00,-1.00,-1.00,-1.00,-1.00,-1.00,-1.00,-1.00,-1.00,-1.00,0.06,0.14,
1.71,-1.00,-1.00,6.38,6.61,6.79,7.41,-1.00,-1.00,0.11,0.19,0.48,0.51,0.16,0.09,0.05,0.01,0.11,1.47,-1.00,-1.00,-1.00,-1.00,-1.00,-1.00,-1.00,-1.00,-1.00,-1.00,-1.00,0.06,0.14,
1.71,-1.00,-1.00,6.37,6.54,6.85,7.38,-1.00,-1.00,0.11,0.19,0.49,0.51,0.16,0.09,0.05,0.01,0.11,1.47,-1.00,-1.00,-1.00,-1.00,-1.00,-1.00,-1.00,0.69,-1.00,-1.00,-1.00,0.06,0.14,
1.71,-1.00,-1.00,6.36,6.62,6.91,7.35,-1.00,0.05,0.11,0.19,0.49,0.52,0.16,0.09,-1.00,0.01,0.11,1.47,-1.00,-1.00,-1.00,-1.00,-1.00,-1.00,-1.00,-1.00,-1.00,-1.00,-1.00,0.06,0.14,
1.71,-1.00,-1.00,6.36,6.69,6.98,7.33,-1.00,0.05,0.11,0.19,0.49,0.52,0.16,0.09,-1.00,0.01,0.11,1.47,-1.00,-1.00,-1.00,-1.00,-1.00,-1.00,-1.00,0.66,-1.00,-1.00,-1.00,0.06,0.14,
1.71,-1.00,-1.00,6.36,6.77,7.04,7.30,-1.00,0.05,0.11,0.19,0.49,0.52,0.16,0.09,-1.00,0.01,0.11,1.47,-1.00,-1.00,-1.00,-1.00,-1.00,-1.00,-1.00,0.65,-1.00,-1.00,-1.00,0.06,0.14,
1.71,-1.00,-1.00,6.37,6.84,7.11,7.28,-1.00,0.05,0.11,0.19,0.49,0.52,0.16,0.09,-1.00,0.01,0.11,1.47,-1.00,-1.00,-1.00,-1.00,-1.00,-1.00,-1.00,0.65,-1.00,-1.00,-1.00,0.06,0.14,
1.71,-1.00,-1.00,6.39,6.92,7.18,7.27,-1.00,0.05,0.11,0.19,0.49,0.52,0.16,0.09,-1.00,0.01,0.11,1.47,-1.00,-1.00,-1.00,-1.00,-1.00,-1.00,-1.00,0.64,-1.00,-1.00,-1.00,0.06,0.14,
1.71,-1.00,-1.00,6.46,7.00,7.25,7.26,-1.00,0.05,0.11,0.19,0.49,0.53,0.16,0.09,-1.00,0.01,0.11,1.47,-1.00,-1.00,-1.00,-1.00,-1.00,-1.00,-1.00,0.64,-1.00,-1.00,-1.00,0.06,0.14,
1.71,-1.00,-1.00,6.53,7.12,7.37,7.25,-1.00,0.05,0.11,0.19,0.49,0.53,0.16,0.09,-1.00,0.01,0.11,1.47,-1.00,-1.00,-1.00,-1.00,-1.00,-1.00,-1.00,0.63,-1.00,-1.00,-1.00,0.06,0.14,
1.71,-1.00,-1.00,6.60,7.24,7.49,7.24,-1.00,0.05,0.11,0.19,0.49,0.53,0.16,0.09,-1.00,0.01,0.11,1.47,-1.00,-1.00,-1.00,-1.00,-1.00,-1.00,-1.00,0.63,-1.00,-1.00,-1.00,0.06,0.14,
1.71,-1.00,-1.00,6.68,7.36,7.60,7.24,-1.00,0.05,0.11,0.19,0.49,0.53,0.16,0.09,-1.00,0.01,0.11,1.47,-1.00,-1.00,-1.00,-1.00,-1.00,-1.00,-1.00,-1.00,0.90,-1.00,-1.00,0.06,0.14,
1.71,-1.00,-1.00,6.75,7.48,7.72,7.24,-1.00,0.05,0.11,0.19,0.49,0.53,0.16,0.09,-1.00,0.01,0.11,1.47,-1.00,-1.00,-1.00,-1.00,-1.00,-1.00,-1.00,-1.00,0.88,-1.00,-1.00,0.06,0.14,
1.71,-1.00,-1.00,6.83,7.60,7.83,7.25,-1.00,0.05,0.11,0.19,0.49,0.53,0.16,0.09,-1.00,0.01,0.11,1.47,-1.00,-1.00,-1.00,-1.00,-1.00,-1.00,-1.00,-1.00,0.87,-1.00,-1.00,0.06,0.14,
1.71,-1.00,-1.00,6.90,7.72,7.94,7.25,-1.00,0.05,0.11,0.19,0.49,0.53,0.16,0.09,-1.00,0.01,0.12,1.47,-1.00,-1.00,-1.00,-1.00,-1.00,-1.00,-1.00,-1.00,0.86,-1.00,-1.00,0.06,0.14,
1.71,-1.00,-1.00,6.93,7.80,8.04,7.25,-1.00,0.05,0.11,0.19,0.49,0.53,0.16,0.09,-1.00,0.01,0.12,1.47,-1.00,-1.00,-1.00,-1.00,-1.00,-1.00,-1.00,-1.00,0.85,-1.00,-1.00,0.06,0.14,
1.72,-1.00,-1.00,6.95,7.88,8.13,7.25,-1.00,0.05,0.11,0.19,0.49,0.52,0.16,0.09,-1.00,0.01,0.12,1.47,-1.00,-1.00,-1.00,-1.00,-1.00,-1.00,-1.00,-1.00,0.84,-1.00,-1.00,0.06,0.14,
1.72,-1.00,-1.00,6.98,7.96,8.22,7.26,-1.00,-1.00,0.11,0.19,0.49,0.52,0.16,0.09,0.05,0.01,0.12,1.47,-1.00,-1.00,-1.00,-1.00,-1.00,-1.00,-1.00,-1.00,0.84,-1.00,-1.00,0.06,0.14,
1.72,-1.00,-1.00,7.00,8.04,8.31,-1.00,-1.00,0.05,0.11,0.19,0.49,0.52,0.16,0.09,-1.00,0.01,0.12,1.47,-1.00,-1.00,-1.00,-1.00,-1.00,-1.00,-1.00,-1.00,0.83,-1.00,-1.00,0.06,0.14,
1.72,-1.00,-1.00,7.02,8.12,-1.00,-1.00,-1.00,-1.00,0.11,0.19,0.49,0.52,0.16,0.09,0.05,0.01,0.12,1.47,-1.00,-1.00,-1.00,-1.00,-1.00,-1.00,-1.00,-1.00,0.82,-1.00,-1.00,0.06,0.14,
1.72,-1.00,-1.00,7.04,8.20,-1.00,-1.00,2.71,-1.00,0.11,0.19,0.49,0.52,0.16,0.09,0.05,0.01,0.12,1.47,-1.00,-1.00,-1.00,-1.00,-1.00,-1.00,-1.00,-1.00,0.81,-1.00,-1.00,0.06,0.14,
1.72,-1.00,-1.00,7.05,8.28,-1.00,-1.00,2.71,-1.00,0.11,0.19,0.48,0.52,0.16,0.09,0.05,0.01,0.12,1.48,-1.00,-1.00,-1.00,-1.00,-1.00,-1.00,-1.00,-1.00,0.80,-1.00,-1.00,0.06,0.14,
1.72,-1.00,-1.00,7.06,-1.00,-1.00,2.50,2.71,-1.00,0.11,0.19,0.48,0.52,0.16,0.09,0.05,0.01,0.12,1.48,-1.00,-1.00,-1.00,-1.00,-1.00,-1.00,-1.00,-1.00,0.79,-1.00,-1.00,0.06,0.14,
1.72,-1.00,-1.00,7.06,-1.00,-1.00,2.50,2.71,-1.00,0.11,0.19,0.49,0.51,0.17,0.09,0.05,0.01,0.12,1.48,-1.00,-1.00,-1.00,-1.00,-1.00,-1.00,-1.00,-1.00,0.79,-1.00,-1.00,0.06,0.14,
1.71,-1.00,-1.00,7.06,-1.00,-1.00,2.50,2.71,-1.00,0.11,0.18,0.49,0.51,0.17,0.09,0.05,0.01,0.12,1.48,-1.00,-1.00,-1.00,-1.00,-1.00,-1.00,-1.00,-1.00,0.78,-1.00,-1.00,0.06,0.14,
1.71,-1.00,-1.00,7.05,-1.00,-1.00,2.50,2.71,-1.00,0.10,0.18,0.49,0.50,0.17,0.10,0.05,0.01,0.12,1.48,-1.00,-1.00,-1.00,-1.00,-1.00,-1.00,-1.00,-1.00,0.77,-1.00,-1.00,0.06,0.14,
1.71,-1.00,-1.00,7.05,-1.00,-1.00,2.50,2.71,-1.00,0.10,0.18,0.49,0.50,0.17,0.10,0.05,0.01,0.12,1.48,-1.00,-1.00,-1.00,-1.00,-1.00,-1.00,-1.00,-1.00,0.76,-1.00,-1.00,0.06,0.14,
1.71,-1.00,-1.00,7.05,-1.00,-1.00,2.50,2.71,-1.00,0.10,0.18,0.49,0.49,0.18,0.10,0.05,0.01,0.12,1.48,-1.00,-1.00,-1.00,-1.00,-1.00,-1.00,-1.00,-1.00,0.75,-1.00,-1.00,0.06,0.14,
1.71,-1.00,-1.00,7.04,-1.00,-1.00,2.50,2.70,-1.00,0.10,0.17,0.49,0.49,0.18,0.10,0.05,0.01,0.12,1.48,-1.00,-1.00,-1.00,-1.00,-1.00,-1.00,-1.00,-1.00,0.75,-1.00,-1.00,0.06,0.14,
1.71,-1.00,-1.00,7.04,-1.00,-1.00,2.50,2.70,0.05,0.10,0.17,0.49,0.48,0.18,0.10,-1.00,0.01,0.12,1.50,-1.00,-1.00,-1.00,-1.00,-1.00,-1.00,-1.00,-1.00,0.74,-1.00,-1.00,0.06,0.14,
1.71,-1.00,-1.00,7.03,-1.00,-1.00,2.50,2.70,0.05,0.10,0.17,0.48,0.48,0.18,0.10,-1.00,0.01,0.12,1.50,-1.00,-1.00,-1.00,-1.00,-1.00,-1.00,-1.00,-1.00,0.73,-1.00,-1.00,0.06,0.14,
1.71,-1.00,-1.00,7.03,-1.00,-1.00,2.50,2.70,0.05,0.10,0.17,0.48,0.47,0.18,0.10,-1.00,0.01,0.13,1.50,-1.00,-1.00,-1.00,-1.00,-1.00,-1.00,-1.00,-1.00,0.72,-1.00,-1.00,0.06,0.14,
1.71,-1.00,-1.00,7.02,-1.00,-1.00,2.50,2.70,-1.00,0.10,0.17,0.48,0.47,0.18,0.10,0.05,0.01,0.13,1.50,-1.00,-1.00,-1.00,-1.00,-1.00,-1.00,-1.00,-1.00,0.70,-1.00,-1.00,0.06,0.14,
1.71,-1.00,-1.00,7.02,-1.00,-1.00,2.50,2.70,-1.00,0.09,0.17,0.48,0.46,0.18,0.11,0.05,0.01,0.13,1.50,-1.00,-1.00,-1.00,-1.00,-1.00,-1.00,-1.00,-1.00,0.69,-1.00,-1.00,0.06,0.14,
1.70,-1.00,-1.00,7.01,-1.00,-1.00,2.51,2.70,-1.00,0.09,0.16,0.48,0.46,0.19,0.11,0.05,0.01,0.13,1.50,-1.00,-1.00,-1.00,-1.00,-1.00,-1.00,-1.00,-1.00,0.68,-1.00,-1.00,0.06,0.14,
1.70,-1.00,-1.00,7.01,-1.00,-1.00,2.51,2.70,0.05,0.09,0.16,0.48,0.46,0.19,0.11,-1.00,0.02,0.13,1.50,-1.00,-1.00,-1.00,-1.00,-1.00,-1.00,-1.00,-1.00,0.66,-1.00,-1.00,0.06,0.14,
1.70,-1.00,-1.00,7.00,-1.00,-1.00,2.51,2.70,-1.00,0.09,0.16,0.47,0.45,0.19,0.11,0.05,0.02,0.13,1.51,-1.00,-1.00,-1.00,-1.00,-1.00,-1.00,-1.00,-1.00,0.65,-1.00,-1.00,0.06,0.14,
1.70,-1.00,-1.00,7.00,-1.00,-1.00,2.51,2.70,-1.00,0.09,0.16,0.47,0.45,0.19,0.11,0.05,0.02,0.13,1.51,-1.00,-1.00,-1.00,-1.00,-1.00,-1.00,-1.00,-1.00,0.64,-1.00,-1.00,0.06,0.14,
1.70,-1.00,-1.00,6.99,-1.00,-1.00,2.51,2.70,-1.00,0.09,0.16,0.47,0.45,0.19,0.11,0.05,0.02,0.13,1.51,-1.00,-1.00,-1.00,-1.00,-1.00,-1.00,-1.00,-1.00,0.62,-1.00,-1.00,0.06,0.14,
1.70,-1.00,-1.00,6.99,-1.00,-1.00,2.51,2.70,-1.00,0.09,0.16,0.46,0.45,0.19,0.11,0.05,0.02,0.13,1.51,-1.00,-1.00,-1.00,-1.00,-1.00,-1.00,-1.00,-1.00,0.61,-1.00,-1.00,0.06,0.14,
1.70,-1.00,-1.00,6.98,-1.00,-1.00,2.51,2.69,-1.00,0.09,0.16,0.46,0.44,0.19,0.11,0.05,0.02,0.13,1.51,-1.00,-1.00,-1.00,-1.00,-1.00,-1.00,-1.00,-1.00,0.60,-1.00,-1.00,0.06,0.14,
1.70,-1.00,-1.00,6.98,-1.00,-1.00,2.51,2.69,-1.00,0.09,0.16,0.46,0.44,0.19,0.11,0.05,0.02,0.13,1.51,-1.00,-1.00,-1.00,-1.00,-1.00,-1.00,-1.00,-1.00,0.59,-1.00,-1.00,0.06,0.14,
1.70,-1.00,-1.00,6.97,-1.00,-1.00,2.51,2.69,0.05,0.09,0.16,0.45,0.44,0.19,0.11,-1.00,0.02,0.13,1.51,-1.00,-1.00,-1.00,-1.00,-1.00,-1.00,-1.00,-1.00,0.58,-1.00,-1.00,0.06,0.14,
1.70,-1.00,-1.00,6.97,-1.00,-1.00,2.51,2.69,-1.00,0.09,0.16,0.45,0.44,0.19,0.11,0.05,0.02,0.14,1.51,-1.00,-1.00,-1.00,-1.00,-1.00,-1.00,-1.00,-1.00,0.57,-1.00,-1.00,0.06,-1.00,
1.70,-1.00,-1.00,6.96,-1.00,-1.00,2.51,2.69,0.05,0.09,0.17,0.45,0.44,0.18,0.11,-1.00,0.02,0.14,1.52,-1.00,-1.00,-1.00,-1.00,-1.00,-1.00,-1.00,-1.00,0.56,-1.00,-1.00,0.06,-1.00,
1.70,-1.00,-1.00,6.96,-1.00,-1.00,2.51,2.69,-1.00,0.09,0.17,0.44,0.44,0.18,0.11,0.05,0.02,0.14,1.52,-1.00,-1.00,-1.00,-1.00,-1.00,-1.00,-1.00,-1.00,0.55,-1.00,-1.00,0.06,-1.00,
1.70,-1.00,-1.00,6.95,-1.00,-1.00,2.51,2.69,-1.00,0.09,0.17,0.44,0.43,0.18,0.11,0.05,0.02,0.14,1.52,-1.00,-1.00,-1.00,-1.00,-1.00,-1.00,-1.00,-1.00,0.54,-1.00,-1.00,0.06,-1.00,
1.70,-1.00,-1.00,6.95,-1.00,-1.00,2.52,2.69,-1.00,0.09,0.17,0.44,0.43,0.18,0.11,0.05,0.03,0.14,1.52,-1.00,-1.00,-1.00,-1.00,-1.00,-1.00,-1.00,-1.00,0.53,-1.00,-1.00,0.06,-1.00,
1.70,-1.00,-1.00,6.94,-1.00,-1.00,2.52,2.68,-1.00,0.09,0.16,0.44,0.43,0.19,0.11,0.05,0.03,0.15,1.53,-1.00,-1.00,-1.00,-1.00,-1.00,-1.00,-1.00,-1.00,0.52,-1.00,-1.00,0.06,0.18,
1.70,-1.00,-1.00,6.94,-1.00,-1.00,2.52,2.68,-1.00,0.09,0.16,0.44,0.42,0.19,0.11,0.05,0.03,0.15,1.53,-1.00,-1.00,-1.00,-1.00,-1.00,-1.00,-1.00,-1.00,0.51,-1.00,-1.00,0.06,-1.00,
1.70,-1.00,-1.00,6.93,-1.00,-1.00,2.52,2.68,-1.00,0.09,0.16,0.44,0.42,0.19,0.11,0.05,0.03,0.15,1.53,-1.00,-1.00,-1.00,-1.00,-1.00,-1.00,-1.00,-1.00,0.50,-1.00,-1.00,0.06,-1.00,
1.70,-1.00,-1.00,6.93,-1.00,-1.00,2.52,2.68,-1.00,0.09,0.16,0.43,0.42,0.19,0.11,0.05,0.03,0.16,1.53,-1.00,-1.00,-1.00,-1.00,-1.00,-1.00,-1.00,-1.00,0.49,-1.00,-1.00,0.06,-1.00,
1.70,-1.00,-1.00,6.93,-1.00,-1.00,2.52,2.68,-1.00,0.09,0.16,0.43,0.42,0.19,0.11,0.05,0.03,0.16,1.54,-1.00,-1.00,-1.00,-1.00,-1.00,-1.00,-1.00,-1.00,0.49,-1.00,-1.00,0.06,-1.00,
1.70,-1.00,-1.00,6.92,-1.00,-1.00,2.52,2.68,-1.00,0.09,0.16,0.43,0.42,0.19,0.11,0.05,0.03,0.16,1.54,-1.00,-1.00,-1.00,-1.00,-1.00,-1.00,-1.00,-1.00,0.48,-1.00,-1.00,0.06,-1.00,
1.70,-1.00,-1.00,6.92,-1.00,-1.00,2.52,2.68,-1.00,0.09,0.16,0.43,0.42,0.19,0.11,0.05,0.03,0.17,1.54,-1.00,-1.00,-1.00,-1.00,-1.00,-1.00,-1.00,-1.00,0.47,-1.00,-1.00,0.06,-1.00,
1.70,-1.00,-1.00,6.91,-1.00,-1.00,2.52,2.68,-1.00,0.09,0.16,0.43,0.41,0.19,0.11,0.05,0.03,0.17,1.55,-1.00,-1.00,-1.00,-1.00,-1.00,-1.00,-1.00,-1.00,0.46,-1.00,-1.00,0.06,-1.00,
1.70,-1.00,-1.00,6.91,-1.00,-1.00,2.52,2.68,-1.00,0.09,0.16,0.42,0.41,0.19,0.11,0.05,0.04,0.17,1.55,-1.00,-1.00,-1.00,-1.00,-1.00,-1.00,-1.00,-1.00,0.46,-1.00,-1.00,0.06,-1.00,
1.70,-1.00,-1.00,6.90,-1.00,-1.00,2.52,2.68,-1.00,0.09,0.16,0.42,0.41,0.19,0.11,0.05,0.04,0.18,1.55,-1.00,-1.00,-1.00,-1.00,-1.00,-1.00,-1.00,-1.00,0.45,-1.00,-1.00,0.06,-1.00,
1.70,-1.00,-1.00,6.90,-1.00,-1.00,2.52,2.68,-1.00,0.09,0.16,0.42,0.41,0.19,0.11,0.05,0.04,0.18,1.56,-1.00,-1.00,-1.00,-1.00,-1.00,-1.00,-1.00,-1.00,0.45,-1.00,-1.00,0.06,-1.00,
1.69,-1.00,-1.00,6.90,-1.00,-1.00,2.52,2.68,-1.00,0.09,0.16,0.42,0.41,0.19,0.11,0.05,0.04,0.19,1.56,-1.00,-1.00,-1.00,-1.00,-1.00,-1.00,-1.00,-1.00,0.44,-1.00,-1.00,0.06,-1.00,
1.69,-1.00,-1.00,6.89,-1.00,-1.00,2.52,2.68,-1.00,0.09,0.16,0.42,0.41,0.19,0.11,0.05,0.04,0.19,1.56,-1.00,-1.00,-1.00,-1.00,-1.00,-1.00,-1.00,-1.00,0.43,-1.00,-1.00,0.06,-1.00,
1.69,-1.00,-1.00,6.89,-1.00,-1.00,2.52,2.68,-1.00,0.08,0.15,0.42,0.41,0.20,0.12,0.05,0.04,0.19,1.56,-1.00,-1.00,-1.00,-1.00,-1.00,-1.00,-1.00,-1.00,0.43,-1.00,-1.00,0.06,-1.00,
1.69,-1.00,-1.00,6.89,-1.00,-1.00,2.52,2.68,-1.00,0.08,0.15,0.41,0.40,0.20,0.12,0.05,0.04,0.20,1.57,-1.00,-1.00,-1.00,-1.00,-1.00,-1.00,-1.00,-1.00,0.42,-1.00,-1.00,0.06,-1.00,
1.69,-1.00,-1.00,6.88,-1.00,-1.00,2.52,2.68,-1.00,0.08,0.15,0.41,0.40,0.20,0.12,0.05,0.04,0.20,1.57,-1.00,-1.00,-1.00,-1.00,-1.00,-1.00,-1.00,-1.00,0.42,-1.00,-1.00,0.06,-1.00,
1.69,-1.00,-1.00,6.88,-1.00,-1.00,2.52,2.68,-1.00,0.08,0.15,0.41,0.40,0.20,0.12,0.05,0.04,0.20,1.57,-1.00,-1.00,-1.00,-1.00,-1.00,-1.00,-1.00,-1.00,0.41,-1.00,-1.00,0.06,-1.00,
1.69,-1.00,-1.00,6.87,-1.00,-1.00,2.52,2.68,-1.00,0.08,0.15,0.41,0.40,0.20,0.12,0.05,0.05,0.21,1.57,-1.00,-1.00,-1.00,-1.00,-1.00,-1.00,-1.00,-1.00,0.41,-1.00,-1.00,0.06,-1.00,
1.68,-1.00,-1.00,6.87,-1.00,-1.00,2.52,2.68,-1.00,0.08,0.15,0.41,0.40,0.20,0.12,0.05,0.05,0.21,1.58,-1.00,-1.00,-1.00,-1.00,-1.00,-1.00,-1.00,-1.00,0.40,-1.00,-1.00,0.06,-1.00,
1.68,-1.00,-1.00,6.87,-1.00,-1.00,2.52,2.68,-1.00,0.08,0.15,0.41,0.40,0.20,0.12,0.05,0.05,0.21,1.58,-1.00,-1.00,-1.00,-1.00,-1.00,-1.00,-1.00,-1.00,0.40,-1.00,-1.00,0.06,-1.00,
1.68,-1.00,-1.00,6.86,-1.00,-1.00,2.52,2.68,-1.00,0.08,0.15,0.41,0.40,0.20,0.12,0.05,0.05,0.22,1.58,-1.00,-1.00,-1.00,-1.00,-1.00,-1.00,-1.00,-1.00,0.39,-1.00,-1.00,0.06,-1.00,
1.68,-1.00,-1.00,6.86,-1.00,-1.00,2.52,2.68,-1.00,0.08,0.15,0.41,0.40,0.20,0.12,0.05,0.05,0.22,1.58,-1.00,-1.00,-1.00,-1.00,-1.00,-1.00,-1.00,-1.00,0.39,-1.00,-1.00,0.06,-1.00,
1.67,-1.00,-1.00,6.86,-1.00,-1.00,2.52,2.68,-1.00,0.08,0.15,0.40,0.40,0.20,0.12,0.05,0.05,0.22,1.58,-1.00,-1.00,-1.00,-1.00,-1.00,-1.00,-1.00,-1.00,0.38,-1.00,-1.00,0.06,-1.00,
1.67,-1.00,-1.00,6.85,-1.00,-1.00,2.52,2.68,-1.00,0.08,0.15,0.40,0.40,0.20,0.12,0.05,0.05,0.22,1.58,-1.00,-1.00,-1.00,-1.00,-1.00,-1.00,-1.00,-1.00,0.38,-1.00,-1.00,0.06,-1.00,
1.67,-1.00,-1.00,6.85,-1.00,-1.00,2.52,2.68,0.05,0.08,0.15,0.40,0.40,0.19,0.12,-1.00,0.05,0.23,1.59,-1.00,-1.00,-1.00,-1.00,-1.00,-1.00,-1.00,-1.00,0.38,-1.00,-1.00,0.06,-1.00,
1.67,-1.00,-1.00,6.85,-1.00,-1.00,2.52,2.68,0.05,0.09,0.16,0.40,0.40,0.19,0.11,-1.00,0.05,0.23,1.59,-1.00,-1.00,-1.00,-1.00,-1.00,-1.00,-1.00,-1.00,0.37,-1.00,-1.00,0.06,-1.00,
