1.68,-1.00,-1.00,6.61,-1.00,-1.00,2.43,2.64,0.06,0.11,0.19,0.38,0.34,0.16,0.07,-1.00,0.05,0.26,1.73,-1.00,-1.00,-1.00,-1.00,-1.00,-1.00,-1.00,-1.00,-1.00,0.57,0.22,0.05,0.15,
1.68,-1.00,-1.00,6.61,-1.00,-1.00,2.43,2.64,0.06,0.11,0.19,0.38,0.34,0.16,0.07,-1.00,0.05,0.26,1.73,-1.00,-1.00,-1.00,-1.00,-1.00,-1.00,-1.00,-1.00,-1.00,0.56,0.21,0.05,0.15,
1.71,-1.00,-1.00,6.61,-1.00,-1.00,2.43,2.64,0.06,0.11,0.19,0.38,0.35,0.16,0.07,-1.00,0.05,0.26,1.73,-1.00,-1.00,-1.00,-1.00,-1.00,-1.00,-1.00,-1.00,-1.00,0.54,0.21,0.05,0.15,
1.71,-1.00,-1.00,6.60,-1.00,-1.00,2.43,2.64,0.06,0.11,0.19,0.38,0.35,0.16,0.07,-1.00,0.05,0.25,1.73,-1.00,-1.00,-1.00,-1.00,-1.00,-1.00,-1.00,-1.00,-1.00,0.53,0.20,0.05,0.15,
1.70,-1.00,-1.00,6.60,-1.00,-1.00,2.43,2.64,0.06,0.11,0.19,0.38,0.35,0.16,0.07,-1.00,0.05,0.25,1.73,-1.00,-1.00,-1.00,-1.00,-1.00,-1.00,-1.00,-1.00,0.46,0.52,0.20,0.05,0.15,
1.67,-1.00,-1.00,6.60,-1.00,-1.00,2.43,2.64,0.06,0.11,0.19,0.38,0.35,0.16,0.07,-1.00,0.05,0.25,1.73,-1.00,-1.00,-1.00,-1.00,-1.00,-1.00,-1.00,-1.00,0.46,0.51,0.19,0.05,0.15,
1.67,-1.00,-1.00,6.60,-1.00,-1.00,2.43,2.64,0.06,0.11,0.19,0.38,0.35,0.16,0.07,-1.00,0.05,0.25,1.73,-1.00,-1.00,-1.00,-1.00,-1.00,-1.00,-1.00,-1.00,0.46,0.50,0.19,0.05,0.15,
1.67,-1.00,-1.00,6.60,-1.00,-1.00,2.43,2.64,0.06,0.11,0.19,0.38,0.35,0.16,0.07,-1.00,0.05,0.25,1.73,-1.00,-1.00,-1.00,-1.00,-1.00,-1.00,-1.00,-1.00,0.46,0.49,0.19,0.05,0.15,
1.68,-1.00,-1.00,6.60,-1.00,-1.00,2.43,2.64,0.06,0.11,0.19,0.38,0.35,0.16,0.07,-1.00,0.05,0.25,1.73,-1.00,-1.00,-1.00,-1.00,-1.00,-1.00,-1.00,-1.00,0.46,0.48,0.19,0.05,0.15,
1.69,-1.00,-1.00,6.60,-1.00,-1.00,-1.00,2.64,0.06,0.11,0.19,0.38,0.36,0.16,0.07,-1.00,0.05,0.25,1.73,-1.00,-1.00,-1.00,-1.00,-1.00,-1.00,-1.00,-1.00,0.46,0.47,0.18,0.05,0.15,
1.67,-1.00,-1.00,6.60,-1.00,-1.00,-1.00,2.64,0.06,0.11,0.19,0.38,0.36,0.16,0.07,-1.00,0.04,0.25,1.73,-1.00,-1.00,-1.00,-1.00,-1.00,-1.00,-1.00,-1.00,0.45,0.46,0.18,0.05,0.15,
1.66,-1.00,-1.00,6.60,-1.00,-1.00,-1.00,-1.00,0.06,0.11,0.19,0.39,0.36,0.16,0.07,-1.00,0.04,0.24,1.73,-1.00,-1.00,-1.00,-1.00,-1.00,-1.00,-1.00,-1.00,0.44,0.46,0.18,0.05,0.15,
1.66,-1.00,-1.00,6.60,-1.00,-1.00,-1.00,-1.00,0.06,0.11,0.19,0.39,0.36,0.16,0.07,-1.00,0.04,0.24,1.73,-1.00,-1.00,-1.00,-1.00,-1.00,-1.00,-1.00,-1.00,0.43,-1.00,0.18,0.05,0.15,
1.67,-1.00,-1.00,6.60,-1.00,-1.00,-1.00,-1.00,0.06,0.11,0.19,0.39,0.36,0.16,0.07,-1.00,0.04,0.24,1.72,-1.00,-1.00,-1.00,-1.00,-1.00,-1.00,-1.00,-1.00,0.43,-1.00,0.18,0.05,0.15,
1.67,-1.00,-1.00,6.60,-1.00,-1.00,7.73,-1.00,0.06,0.11,0.19,0.39,0.37,0.16,0.07,-1.00,0.04,0.24,1.72,-1.00,-1.00,-1.00,-1.00,-1.00,-1.00,-1.00,-1.00,0.42,-1.00,0.17,0.05,0.15,
1.68,-1.00,-1.00,6.60,-1.00,-1.00,7.73,-1.00,0.06,0.11,0.19,0.39,0.37,0.16,0.07,-1.00,0.04,0.24,1.72,-1.00,-1.00,-1.00,-1.00,-1.00,-1.00,-1.00,-1.00,0.42,-1.00,0.17,0.05,0.14,
1.68,-1.00,-1.00,6.60,-1.00,-1.00,7.73,-1.00,0.06,0.11,0.19,0.39,0.37,0.16,0.07,-1.00,0.04,0.24,1.72,-1.00,-1.00,-1.00,-1.00,-1.00,-1.00,-1.00,-1.00,0.41,-1.00,0.17,0.05,0.14,
1.70,-1.00,-1.00,6.60,-1.00,-1.00,7.73,-1.00,0.06,0.11,0.19,0.40,0.38,0.16,0.07,-1.00,0.04,0.24,1.72,-1.00,-1.00,-1.00,-1.00,-1.00,-1.00,-1.00,-1.00,0.41,-1.00,0.16,0.05,0.14,
1.69,-1.00,-1.00,6.60,-1.00,-1.00,7.73,-1.00,0.06,0.11,0.19,0.40,0.38,0.16,0.07,-1.00,0.04,0.24,1.71,-1.00,-1.00,-1.00,-1.00,-1.00,-1.00,-1.00,-1.00,0.40,-1.00,0.16,0.05,0.14,
1.69,-1.00,-1.00,6.60,-1.00,-1.00,7.73,-1.00,0.06,0.11,0.19,0.40,0.39,0.16,0.07,-1.00,0.04,0.24,1.71,-1.00,-1.00,-1.00,-1.00,-1.00,-1.00,-1.00,-1.00,0.40,-1.00,0.16,0.05,0.14,
1.68,-1.00,-1.00,6.60,-1.00,-1.00,7.73,-1.00,0.06,0.11,0.19,0.40,0.39,0.16,0.07,-1.00,0.04,0.24,1.71,-1.00,-1.00,-1.00,-1.00,-1.00,-1.00,-1.00,-1.00,0.40,-1.00,0.16,0.05,0.14,
1.67,-1.00,-1.00,6.61,-1.00,-1.00,7.73,-1.00,0.06,0.11,0.19,0.41,0.39,0.16,0.07,-1.00,0.04,0.24,1.71,-1.00,-1.00,-1.00,-1.00,-1.00,-1.00,-1.00,-1.00,0.39,-1.00,0.15,0.04,0.14,
1.69,-1.00,-1.00,6.61,-1.00,-1.00,7.73,-1.00,0.06,0.11,0.19,0.41,0.40,0.16,0.07,-1.00,0.04,0.24,1.70,-1.00,-1.00,-1.00,-1.00,-1.00,-1.00,-1.00,-1.00,0.39,-1.00,0.15,0.04,0.14,
1.69,-1.00,-1.00,6.61,-1.00,-1.00,7.73,-1.00,0.06,0.11,0.19,0.41,0.40,0.16,0.07,-1.00,0.04,0.23,1.70,-1.00,-1.00,-1.00,-1.00,-1.00,-1.00,-1.00,-1.00,0.39,-1.00,0.15,0.04,0.14,
1.70,-1.00,-1.00,6.62,8.31,-1.00,7.74,-1.00,0.06,0.11,0.19,0.41,0.41,0.16,0.07,-1.00,0.04,0.23,1.70,-1.00,-1.00,-1.00,-1.00,-1.00,-1.00,-1.00,-1.00,0.39,-1.00,0.15,0.04,0.14,
1.69,-1.00,-1.00,6.63,8.30,8.59,7.75,-1.00,0.06,0.11,0.19,0.42,0.41,0.16,0.07,-1.00,0.04,0.23,1.70,-1.00,-1.00,-1.00,-1.00,-1.00,-1.00,-1.00,-1.00,0.38,-1.00,0.15,0.04,0.14,
1.68,-1.00,-1.00,6.68,8.26,8.58,7.76,-1.00,0.06,0.11,0.19,0.42,0.42,0.16,0.07,-1.00,0.04,0.23,1.69,-1.00,-1.00,-1.00,-1.00,-1.00,-1.00,-1.00,-1.00,0.38,-1.00,0.14,0.04,0.14,
1.71,-1.00,-1.00,6.79,8.21,8.50,7.78,-1.00,0.06,0.11,0.19,0.42,0.42,0.16,0.07,-1.00,0.04,0.23,1.69,-1.00,-1.00,-1.00,-1.00,-1.00,-1.00,-1.00,-1.00,0.38,-1.00,0.14,0.04,0.14,
1.69,-1.00,-1.00,6.88,8.19,8.49,7.79,-1.00,0.06,0.11,0.19,0.42,0.42,0.16,0.07,-1.00,0.04,0.23,1.69,-1.00,-1.00,-1.00,-1.00,-1.00,-1.00,-1.00,-1.00,0.38,-1.00,0.14,0.04,0.14,
1.65,-1.00,-1.00,7.03,8.19,8.48,7.81,-1.00,0.06,0.11,0.19,0.43,0.43,0.16,0.07,-1.00,0.04,0.23,1.68,-1.00,-1.00,-1.00,-1.00,-1.00,-1.00,-1.00,-1.00,0.39,-1.00,0.14,0.04,0.14,
1.66,-1.00,-1.00,7.07,8.18,8.48,7.82,-1.00,0.06,0.11,0.19,0.43,0.43,0.16,0.07,-1.00,0.04,0.23,1.68,-1.00,-1.00,-1.00,-1.00,-1.00,-1.00,-1.00,-1.00,0.39,-1.00,0.14,0.04,0.14,
1.67,-1.00,-1.00,7.10,8.17,8.47,7.83,-1.00,0.06,0.11,0.19,0.43,0.44,0.16,0.07,-1.00,0.04,0.23,1.68,-1.00,-1.00,-1.00,-1.00,-1.00,-1.00,-1.00,-1.00,0.39,-1.00,0.14,0.04,0.14,
1.67,-1.00,-1.00,7.11,8.17,8.44,7.83,-1.00,0.06,0.11,0.19,0.44,0.44,0.16,0.07,-1.00,0.04,0.23,1.67,-1.00,-1.00,-1.00,-1.00,-1.00,-1.00,-1.00,-1.00,-1.00,-1.00,0.13,0.04,0.14,
1.69,-1.00,-1.00,7.11,8.16,8.41,7.83,-1.00,0.06,0.11,0.19,0.44,0.44,0.16,0.07,-1.00,0.04,0.23,1.67,-1.00,-1.00,-1.00,-1.00,-1.00,-1.00,-1.00,-1.00,-1.00,-1.00,0.13,0.04,0.14,
1.69,-1.00,-1.00,7.10,8.15,8.39,7.84,-1.00,0.06,0.11,0.19,0.44,0.45,0.16,0.07,-1.00,0.04,0.23,1.67,-1.00,-1.00,-1.00,-1.00,-1.00,-1.00,-1.00,-1.00,-1.00,-1.00,0.13,0.04,0.14,
1.69,-1.00,-1.00,7.10,8.14,8.38,7.84,-1.00,0.06,0.11,0.19,0.44,0.45,0.16,0.07,-1.00,0.04,0.23,1.66,-1.00,-1.00,-1.00,-1.00,-1.00,-1.00,-1.00,-1.00,-1.00,-1.00,0.13,0.04,0.14,
1.67,-1.00,-1.00,7.09,8.13,8.36,7.84,-1.00,0.06,0.11,0.19,0.45,0.46,0.16,0.07,-1.00,0.04,0.23,1.66,-1.00,-1.00,-1.00,-1.00,-1.00,-1.00,-1.00,-1.00,-1.00,-1.00,0.13,0.04,0.14,
1.67,-1.00,-1.00,7.10,8.13,8.35,7.84,-1.00,0.06,0.11,0.19,0.45,0.46,0.16,0.07,-1.00,0.04,0.23,1.66,-1.00,-1.00,-1.00,-1.00,-1.00,-1.00,-1.00,-1.00,-1.00,-1.00,0.13,0.04,0.14,
1.68,-1.00,-1.00,7.11,8.12,8.36,7.84,-1.00,0.06,0.11,0.19,0.45,0.46,0.16,0.07,-1.00,0.04,0.23,1.66,-1.00,-1.00,-1.00,-1.00,-1.00,-1.00,-1.00,-1.00,-1.00,-1.00,0.13,0.04,0.14,
1.71,-1.00,-1.00,7.14,8.13,8.39,7.85,-1.00,0.06,0.11,0.19,0.45,0.46,0.16,0.07,-1.00,0.04,0.23,1.65,-1.00,-1.00,-1.00,-1.00,-1.00,-1.00,-1.00,-1.00,-1.00,-1.00,0.13,0.04,0.14,
1.70,-1.00,-1.00,7.16,8.13,8.40,7.85,-1.00,0.06,0.11,0.19,0.46,0.47,0.16,0.07,-1.00,0.04,0.23,1.65,-1.00,-1.00,-1.00,-1.00,-1.00,-1.00,-1.00,-1.00,0.53,-1.00,0.12,0.04,0.14,
1.71,-1.00,-1.00,7.18,8.14,8.41,7.86,-1.00,0.06,0.11,0.19,0.46,0.47,0.16,0.07,-1.00,0.04,0.23,1.65,-1.00,-1.00,-1.00,-1.00,-1.00,-1.00,-1.00,-1.00,0.52,-1.00,0.12,0.04,0.14,
1.71,-1.00,-1.00,7.20,8.15,8.42,7.86,-1.00,0.06,0.11,0.19,0.46,0.47,0.16,0.07,-1.00,0.03,0.23,1.65,-1.00,-1.00,-1.00,-1.00,-1.00,-1.00,-1.00,-1.00,0.52,-1.00,0.12,0.04,0.14,
1.71,-1.00,-1.00,7.21,8.15,8.42,7.87,-1.00,0.06,0.11,0.19,0.46,0.47,0.16,0.07,-1.00,0.03,0.23,1.64,-1.00,-1.00,-1.00,-1.00,-1.00,-1.00,-1.00,-1.00,0.51,-1.00,0.12,0.04,0.14,
1.71,-1.00,-1.00,7.21,8.15,8.43,7.87,-1.00,0.06,0.11,0.19,0.46,0.48,0.16,0.07,-1.00,0.03,0.23,1.64,-1.00,-1.00,-1.00,-1.00,-1.00,-1.00,-1.00,-1.00,0.51,-1.00,0.12,0.04,0.14,
1.70,-1.00,-1.00,7.20,8.15,8.43,7.87,-1.00,0.06,0.11,0.19,0.46,0.48,0.16,0.07,-1.00,0.03,0.23,1.64,-1.00,-1.00,-1.00,-1.00,-1.00,-1.00,-1.00,-1.00,0.50,-1.00,0.12,0.04,0.14,
1.71,-1.00,-1.00,7.19,8.15,8.43,7.87,-1.00,0.06,0.11,0.19,0.46,0.48,0.16,0.07,-1.00,0.03,0.23,1.64,-1.00,-1.00,-1.00,-1.00,-1.00,-1.00,-1.00,-1.00,0.50,-1.00,0.12,0.04,0.14,
1.69,-1.00,-1.00,7.19,8.17,-1.00,7.87,-1.00,0.06,0.11,0.19,0.46,0.48,0.16,0.07,-1.00,0.03,0.23,1.64,-1.00,-1.00,-1.00,-1.00,-1.00,-1.00,-1.00,-1.00,0.49,-1.00,0.12,0.04,0.14,
1.70,-1.00,-1.00,7.18,8.18,-1.00,7.86,-1.00,0.06,0.11,0.19,0.46,0.48,0.16,0.07,-1.00,0.03,0.23,1.64,-1.00,-1.00,-1.00,-1.00,-1.00,-1.00,-1.00,-1.00,0.49,-1.00,0.12,0.04,0.14,
1.69,-1.00,-1.00,7.18,8.19,-1.00,7.86,-1.00,0.06,0.11,0.19,0.46,0.48,0.16,0.07,-1.00,0.03,0.23,1.64,-1.00,-1.00,-1.00,-1.00,-1.00,-1.00,-1.00,-1.00,0.48,-1.00,0.12,0.04,0.14,
1.71,-1.00,-1.00,7.17,8.21,-1.00,7.86,-1.00,0.06,0.11,0.19,0.46,0.48,0.16,0.07,-1.00,0.03,0.23,1.64,-1.00,-1.00,-1.00,-1.00,-1.00,-1.00,-1.00,-1.00,0.47,-1.00,0.11,0.04,0.14,
1.70,-1.00,-1.00,7.17,8.22,-1.00,7.86,-1.00,0.06,0.11,0.19,0.46,0.48,0.16,0.07,-1.00,0.03,0.23,1.64,-1.00,-1.00,-1.00,-1.00,-1.00,-1.00,-1.00,-1.00,0.47,-1.00,0.11,0.04,0.14,
1.70,-1.00,-1.00,7.16,8.23,-1.00,7.86,-1.00,0.06,0.11,0.19,0.46,0.48,0.16,0.07,-1.00,0.03,0.23,1.64,-1.00,-1.00,-1.00,-1.00,-1.00,-1.00,-1.00,-1.00,0.46,-1.00,0.11,0.04,0.14,
1.68,-1.00,-1.00,7.15,8.25,-1.00,7.86,-1.00,0.06,0.11,0.19,0.46,0.48,0.16,0.07,-1.00,0.03,0.23,1.64,-1.00,-1.00,-1.00,-1.00,-1.00,-1.00,-1.00,-1.00,0.46,-1.00,0.11,0.04,0.13,
1.71,-1.00,-1.00,7.14,8.26,-1.00,7.86,-1.00,0.06,0.11,0.19,0.46,0.48,0.16,0.07,-1.00,0.03,0.23,1.64,-1.00,-1.00,-1.00,-1.00,-1.00,-1.00,-1.00,-1.00,0.45,-1.00,0.11,0.04,0.13,
1.69,-1.00,-1.00,7.14,8.27,-1.00,7.86,-1.00,0.06,0.11,0.19,0.46,0.48,0.16,0.07,-1.00,0.03,0.23,1.64,-1.00,-1.00,-1.00,-1.00,-1.00,-1.00,-1.00,-1.00,0.44,-1.00,0.11,0.04,0.13,
1.70,-1.00,-1.00,7.13,8.28,-1.00,-1.00,-1.00,0.06,0.11,0.19,0.46,0.47,0.16,0.07,-1.00,0.03,0.23,1.65,-1.00,-1.00,-1.00,-1.00,-1.00,-1.00,-1.00,-1.00,0.44,-1.00,0.11,0.04,0.13,
1.71,-1.00,-1.00,7.12,8.29,-1.00,-1.00,-1.00,0.06,0.11,0.19,0.46,0.47,0.16,0.07,-1.00,0.03,0.23,1.65,-1.00,-1.00,-1.00,-1.00,-1.00,-1.00,-1.00,-1.00,0.43,-1.00,0.11,0.04,0.13,
1.72,-1.00,-1.00,7.12,8.30,-1.00,-1.00,-1.00,0.06,0.11,0.19,0.45,0.47,0.16,0.07,-1.00,0.03,0.23,1.65,-1.00,-1.00,-1.00,-1.00,-1.00,-1.00,-1.00,-1.00,0.42,-1.00,0.11,0.04,0.13,
1.72,-1.00,-1.00,7.11,8.31,-1.00,-1.00,2.67,0.06,0.11,0.19,0.45,0.47,0.16,0.07,-1.00,0.03,0.23,1.65,-1.00,-1.00,-1.00,-1.00,-1.00,-1.00,-1.00,-1.00,0.42,-1.00,0.11,0.04,0.13,
1.71,-1.00,-1.00,7.10,8.32,-1.00,-1.00,2.67,0.06,0.11,0.19,0.45,0.47,0.16,0.07,-1.00,0.03,0.23,1.65,-1.00,-1.00,-1.00,-1.00,-1.00,-1.00,-1.00,-1.00,0.41,-1.00,0.11,0.04,0.13,
1.69,-1.00,-1.00,7.09,8.34,-1.00,-1.00,-1.00,0.06,0.11,0.19,0.45,0.46,0.16,0.07,-1.00,0.03,0.23,1.65,-1.00,-1.00,-1.00,-1.00,-1.00,-1.00,-1.00,-1.00,0.40,-1.00,0.11,0.04,0.13,
1.70,-1.00,-1.00,7.08,8.35,-1.00,-1.00,-1.00,0.06,0.11,0.19,0.45,0.46,0.16,0.07,-1.00,0.03,0.23,1.65,-1.00,-1.00,-1.00,-1.00,-1.00,-1.00,-1.00,-1.00,0.40,-1.00,0.11,0.04,0.13,
1.67,-1.00,-1.00,7.07,8.37,-1.00,7.62,-1.00,0.06,0.11,0.19,0.45,0.46,0.16,0.07,-1.00,0.03,0.23,1.65,-1.00,-1.00,-1.00,-1.00,-1.00,-1.00,-1.00,-1.00,0.39,-1.00,0.11,0.04,0.13,
1.65,-1.00,-1.00,7.07,8.38,-1.00,7.63,-1.00,0.06,0.11,0.19,0.45,0.46,0.16,0.07,-1.00,0.03,0.23,1.65,-1.00,-1.00,-1.00,-1.00,-1.00,-1.00,-1.00,-1.00,0.39,-1.00,0.11,0.04,0.13,
1.65,-1.00,-1.00,7.06,8.39,-1.00,7.64,-1.00,0.06,0.11,0.19,0.45,0.46,0.16,0.07,-1.00,0.03,0.23,1.65,-1.00,-1.00,-1.00,-1.00,-1.00,-1.00,-1.00,-1.00,0.38,-1.00,0.11,0.04,0.13,
1.66,-1.00,-1.00,7.06,8.40,-1.00,7.65,-1.00,0.06,0.11,0.19,0.45,0.46,0.16,0.07,-1.00,0.03,0.23,1.65,-1.00,-1.00,-1.00,-1.00,-1.00,-1.00,-1.00,-1.00,0.38,-1.00,0.11,0.04,0.13,
1.66,-1.00,-1.00,7.05,8.42,-1.00,7.65,-1.00,0.06,0.11,0.19,0.45,0.46,0.16,0.07,-1.00,0.03,0.23,1.65,-1.00,-1.00,-1.00,-1.00,-1.00,-1.00,-1.00,-1.00,0.38,-1.00,0.10,0.04,0.13,
1.66,-1.00,-1.00,7.05,8.43,-1.00,7.66,-1.00,0.06,0.11,0.19,0.45,0.46,0.16,0.07,-1.00,0.03,0.23,1.65,-1.00,-1.00,-1.00,-1.00,-1.00,-1.00,-1.00,-1.00,0.37,-1.00,0.11,0.04,0.13,
1.64,-1.00,-1.00,7.04,8.44,-1.00,7.67,-1.00,0.06,0.11,0.19,0.45,0.46,0.16,0.07,-1.00,0.03,0.23,1.65,-1.00,-1.00,-1.00,-1.00,-1.00,-1.00,-1.00,-1.00,0.37,-1.00,0.11,0.04,0.13,
1.66,-1.00,-1.00,7.04,8.44,-1.00,7.67,-1.00,0.06,0.11,0.19,0.45,0.47,0.16,0.07,-1.00,0.03,0.23,1.65,-1.00,-1.00,-1.00,-1.00,-1.00,-1.00,-1.00,-1.00,0.37,-1.00,0.11,0.04,0.13,
1.65,-1.00,-1.00,7.04,8.44,8.64,7.69,-1.00,0.06,0.11,0.19,0.45,0.47,0.16,0.07,-1.00,0.03,0.23,1.65,-1.00,-1.00,-1.00,-1.00,-1.00,-1.00,-1.00,-1.00,0.37,-1.00,0.11,0.04,0.13,
1.66,-1.00,-1.00,7.04,8.44,8.62,7.71,-1.00,0.06,0.11,0.19,0.45,0.47,0.16,0.07,-1.00,0.03,0.23,1.65,-1.00,-1.00,-1.00,-1.00,-1.00,-1.00,-1.00,-1.00,0.37,-1.00,0.11,0.04,0.13,
1.67,-1.00,-1.00,7.08,8.39,8.51,7.73,-1.00,0.06,0.11,0.19,0.45,0.47,0.16,0.07,-1.00,0.03,0.23,1.65,-1.00,-1.00,-1.00,-1.00,-1.00,-1.00,-1.00,-1.00,0.37,-1.00,0.11,0.04,0.13,
1.66,-1.00,-1.00,7.12,8.35,8.49,7.75,-1.00,0.06,0.11,0.19,0.46,0.47,0.16,0.07,-1.00,0.03,0.22,1.65,-1.00,-1.00,-1.00,-1.00,-1.00,-1.00,-1.00,-1.00,0.37,-1.00,0.10,0.04,0.13,
1.66,-1.00,-1.00,7.15,8.32,8.49,7.76,-1.00,0.06,0.11,0.19,0.46,0.48,0.16,0.07,-1.00,0.03,0.22,1.65,-1.00,-1.00,-1.00,-1.00,-1.00,-1.00,-1.00,-1.00,0.37,-1.00,0.10,0.04,0.13,
1.68,-1.00,-1.00,7.17,8.28,8.48,7.77,-1.00,0.06,0.11,0.19,0.46,0.48,0.16,0.07,-1.00,0.03,0.22,1.65,-1.00,-1.00,-1.00,-1.00,-1.00,-1.00,-1.00,-1.00,-1.00,-1.00,0.10,0.04,0.13,
1.68,-1.00,-1.00,7.15,8.27,8.41,7.78,-1.00,0.06,0.11,0.19,0.46,0.48,0.16,0.07,-1.00,0.03,0.22,1.64,-1.00,-1.00,-1.00,-1.00,-1.00,-1.00,-1.00,-1.00,-1.00,-1.00,0.10,0.04,0.13,
1.69,-1.00,-1.00,7.11,8.25,8.33,7.77,-1.00,0.06,0.11,0.19,0.46,0.48,0.16,0.07,-1.00,0.03,0.22,1.64,-1.00,-1.00,-1.00,-1.00,-1.00,-1.00,-1.00,-1.00,-1.00,-1.00,0.10,0.04,0.13,
1.68,-1.00,-1.00,7.07,6.78,6.99,7.76,-1.00,0.06,0.11,0.19,0.47,0.49,0.16,0.07,-1.00,0.03,0.22,1.64,-1.00,-1.00,-1.00,-1.00,-1.00,-1.00,-1.00,-1.00,-1.00,-1.00,0.10,0.04,0.13,
1.70,-1.00,6.87,7.01,6.76,6.97,7.74,-1.00,0.06,0.11,0.19,0.47,0.49,0.16,0.07,-1.00,0.03,0.22,1.63,-1.00,-1.00,-1.00,-1.00,-1.00,-1.00,-1.00,-1.00,-1.00,-1.00,0.10,0.04,0.13,
1.67,-1.00,6.88,6.97,6.75,6.95,7.71,-1.00,0.06,0.11,0.19,0.47,0.50,0.16,0.07,-1.00,0.03,0.22,1.63,-1.00,-1.00,-1.00,-1.00,-1.00,-1.00,-1.00,-1.00,-1.00,-1.00,0.10,0.04,0.13,
1.67,-1.00,6.89,6.93,6.74,6.95,7.67,-1.00,0.06,0.11,0.19,0.47,0.51,0.16,0.07,-1.00,0.03,0.22,1.63,-1.00,-1.00,-1.00,-1.00,-1.00,-1.00,-1.00,-1.00,-1.00,-1.00,0.10,0.04,0.13,
1.67,-1.00,6.90,6.88,6.73,6.95,7.61,-1.00,0.06,0.11,0.19,0.47,0.51,0.16,0.07,-1.00,0.03,0.22,1.63,-1.00,-1.00,-1.00,-1.00,-1.00,-1.00,-1.00,-1.00,-1.00,-1.00,0.10,0.04,0.13,
1.67,-1.00,6.91,6.83,6.73,6.96,7.54,-1.00,0.06,0.11,0.19,0.48,0.52,0.16,0.07,-1.00,0.03,0.22,1.62,-1.00,-1.00,-1.00,-1.00,-1.00,-1.00,-1.00,-1.00,-1.00,-1.00,0.10,0.04,0.13,
1.68,-1.00,6.89,6.68,6.68,6.91,7.45,-1.00,0.06,0.11,0.19,0.48,0.52,0.15,0.07,-1.00,0.03,0.22,1.62,-1.00,-1.00,-1.00,-1.00,-1.00,-1.00,-1.00,-1.00,-1.00,-1.00,0.10,0.04,0.13,
1.68,-1.00,6.83,5.99,6.60,6.84,7.39,-1.00,0.06,0.11,0.19,0.48,0.53,0.15,0.07,-1.00,0.03,0.22,1.62,-1.00,-1.00,-1.00,-1.00,-1.00,-1.00,-1.00,-1.00,-1.00,-1.00,0.10,0.04,0.13,
1.69,-1.00,6.73,5.92,6.48,6.71,7.31,-1.00,0.06,0.11,0.19,0.48,0.53,0.15,0.07,-1.00,0.03,0.22,1.62,-1.00,-1.00,-1.00,-1.00,-1.00,-1.00,-1.00,-1.00,-1.00,-1.00,0.09,0.04,0.13,
1.69,-1.00,6.59,5.82,5.70,5.90,7.23,-1.00,0.06,0.11,0.19,0.48,0.54,0.15,0.07,-1.00,0.03,0.22,1.61,-1.00,-1.00,-1.00,-1.00,-1.00,-1.00,-1.00,-1.00,-1.00,-1.00,0.09,0.04,0.13,
1.71,-1.00,6.47,5.74,5.68,5.85,7.15,-1.00,0.06,0.11,0.19,0.48,0.54,0.15,0.07,-1.00,0.03,0.22,1.61,-1.00,-1.00,-1.00,-1.00,-1.00,-1.00,-1.00,-1.00,-1.00,-1.00,0.09,0.04,0.13,
1.70,-1.00,6.38,5.66,5.66,5.81,7.08,-1.00,0.06,0.11,0.19,0.49,0.55,0.15,0.07,-1.00,0.03,0.22,1.61,-1.00,-1.00,-1.00,-1.00,-1.00,-1.00,-1.00,-1.00,-1.00,-1.00,0.09,0.04,0.13,
1.70,-1.00,6.31,5.60,5.64,5.78,7.03,-1.00,0.06,0.11,0.20,0.49,0.55,0.15,0.07,-1.00,0.03,0.22,1.60,-1.00,-1.00,-1.00,-1.00,-1.00,-1.00,-1.00,-1.00,-1.00,-1.00,0.09,0.04,0.13,
1.71,-1.00,6.26,5.56,5.64,5.78,6.98,-1.00,0.06,0.11,0.20,0.49,0.56,0.15,0.07,-1.00,0.03,0.22,1.60,-1.00,-1.00,-1.00,-1.00,-1.00,-1.00,-1.00,-1.00,-1.00,-1.00,0.09,0.04,0.13,
1.72,-1.00,6.23,5.55,5.68,5.84,6.96,-1.00,0.06,0.11,0.20,0.49,0.56,0.15,0.07,-1.00,0.03,0.22,1.60,-1.00,-1.00,-1.00,-1.00,-1.00,-1.00,-1.00,-1.00,-1.00,-1.00,0.09,0.04,0.13,
1.73,-1.00,6.21,5.59,5.77,5.96,6.95,-1.00,0.06,0.11,0.20,0.49,0.57,0.15,0.07,-1.00,0.03,0.22,1.60,-1.00,-1.00,-1.00,-1.00,-1.00,-1.00,-1.00,-1.00,-1.00,-1.00,0.09,0.04,0.13,
1.72,-1.00,6.21,5.68,6.45,6.73,6.95,-1.00,0.06,0.11,0.20,0.49,0.57,0.15,0.07,-1.00,0.03,0.22,1.60,-1.00,-1.00,-1.00,-1.00,-1.00,-1.00,-1.00,-1.00,-1.00,-1.00,0.09,0.04,0.13,
1.71,-1.00,6.22,6.40,6.48,6.76,6.95,-1.00,0.06,0.11,0.20,0.49,0.57,0.15,0.07,-1.00,0.03,0.22,1.59,-1.00,-1.00,-1.00,-1.00,-1.00,-1.00,-1.00,-1.00,-1.00,-1.00,0.09,0.04,0.13,
1.71,-1.00,6.23,6.43,6.52,6.80,6.95,-1.00,0.06,0.11,0.20,0.49,0.58,0.15,0.07,-1.00,0.03,0.22,1.59,-1.00,-1.00,-1.00,-1.00,-1.00,-1.00,-1.00,-1.00,-1.00,-1.00,0.09,0.04,0.13,
1.71,-1.00,6.24,6.48,6.56,6.83,6.95,-1.00,0.06,0.11,0.20,0.50,0.58,0.15,0.07,-1.00,0.03,0.21,1.59,-1.00,-1.00,-1.00,-1.00,-1.00,-1.00,-1.00,-1.00,-1.00,-1.00,0.09,0.04,0.13,
1.73,-1.00,6.24,6.53,6.59,6.85,6.96,-1.00,0.06,0.11,0.20,0.50,0.58,0.15,0.07,-1.00,0.03,0.21,1.59,-1.00,-1.00,-1.00,-1.00,-1.00,-1.00,-1.00,-1.00,-1.00,-1.00,0.09,0.04,0.13,
1.71,-1.00,6.25,6.57,6.60,6.85,6.96,-1.00,0.06,0.11,0.20,0.50,0.58,0.15,0.07,-1.00,0.03,0.21,1.59,-1.00,-1.00,-1.00,-1.00,-1.00,-1.00,-1.00,-1.00,-1.00,-1.00,0.09,0.04,0.13,
1.70,-1.00,6.25,6.62,6.62,6.87,6.96,-1.00,0.06,0.11,0.20,0.50,0.59,0.15,0.07,-1.00,0.03,0.22,1.59,-1.00,-1.00,-1.00,-1.00,-1.00,-1.00,-1.00,-1.00,-1.00,-1.00,0.09,0.04,0.13,
1.69,-1.00,-1.00,6.66,6.63,6.93,6.96,-1.00,0.06,0.11,0.20,0.50,0.58,0.15,0.07,-1.00,0.03,0.21,1.59,-1.00,-1.00,-1.00,-1.00,-1.00,-1.00,-1.00,-1.00,-1.00,-1.00,0.09,0.04,0.13,
1.67,-1.00,-1.00,6.73,6.65,8.01,6.97,-1.00,0.05,0.11,0.20,0.50,0.58,0.15,0.07,-1.00,0.03,0.21,1.59,-1.00,-1.00,-1.00,-1.00,-1.00,-1.00,-1.00,-1.00,-1.00,-1.00,0.09,0.04,0.13,
1.67,-1.00,-1.00,6.81,8.06,8.09,6.97,-1.00,0.05,0.11,0.20,0.50,0.58,0.15,0.07,-1.00,0.03,0.22,1.59,-1.00,-1.00,-1.00,-1.00,-1.00,-1.00,-1.00,-1.00,-1.00,-1.00,0.09,0.04,0.13,
1.67,-1.00,-1.00,6.89,8.09,8.16,6.98,-1.00,0.05,0.11,0.20,0.50,0.58,0.15,0.07,-1.00,0.03,0.22,1.59,-1.00,-1.00,-1.00,-1.00,-1.00,-1.00,-1.00,-1.00,1.44,-1.00,0.09,0.04,0.13,
1.65,-1.00,-1.00,6.96,8.11,8.21,6.99,-1.00,0.05,0.11,0.20,0.50,0.58,0.15,0.07,-1.00,0.03,0.22,1.59,-1.00,-1.00,-1.00,-1.00,-1.00,-1.00,-1.00,-1.00,1.40,-1.00,0.09,0.04,0.13,
1.67,-1.00,-1.00,7.01,8.12,8.26,6.99,-1.00,0.05,0.11,0.20,0.50,0.58,0.15,0.07,-1.00,0.03,0.22,1.59,-1.00,-1.00,-1.00,-1.00,-1.00,-1.00,-1.00,-1.00,1.37,-1.00,0.10,0.04,0.13,
1.66,-1.00,-1.00,7.04,8.12,8.26,7.00,-1.00,0.05,0.11,0.20,0.50,0.57,0.15,0.07,-1.00,0.03,0.22,1.59,-1.00,-1.00,-1.00,-1.00,-1.00,-1.00,-1.00,-1.00,1.33,-1.00,0.10,0.04,0.13,
1.70,-1.00,-1.00,7.04,8.12,8.26,7.00,-1.00,0.05,0.11,0.20,0.50,0.57,0.15,0.07,-1.00,0.03,0.22,1.59,-1.00,-1.00,-1.00,-1.00,-1.00,-1.00,-1.00,-1.00,1.29,-1.00,0.10,0.04,0.13,
1.70,-1.00,-1.00,7.04,8.12,8.26,7.00,-1.00,0.05,0.11,0.20,0.50,0.57,0.15,0.07,-1.00,0.03,0.22,1.59,-1.00,-1.00,-1.00,-1.00,-1.00,-1.00,-1.00,-1.00,1.26,-1.00,0.10,0.04,0.13,
1.70,-1.00,-1.00,7.03,8.13,8.27,7.01,-1.00,0.05,0.11,0.20,0.50,0.57,0.15,0.07,-1.00,0.03,0.22,1.59,-1.00,-1.00,-1.00,-1.00,-1.00,-1.00,-1.00,-1.00,1.22,-1.00,0.10,0.04,0.13,
1.72,-1.00,-1.00,7.03,8.15,8.29,7.01,-1.00,0.05,0.11,0.20,0.49,0.56,0.15,0.07,-1.00,0.03,0.22,1.59,-1.00,-1.00,-1.00,-1.00,-1.00,-1.00,-1.00,-1.00,1.19,-1.00,0.10,0.04,0.13,
1.69,-1.00,-1.00,7.02,8.18,8.31,7.01,-1.00,0.05,0.11,0.20,0.49,0.56,0.15,0.07,-1.00,0.03,0.22,1.59,-1.00,-1.00,-1.00,-1.00,-1.00,-1.00,-1.00,-1.00,1.16,-1.00,0.10,0.04,0.13,
1.68,-1.00,-1.00,7.01,8.19,8.32,7.01,-1.00,0.05,0.11,0.19,0.49,0.56,0.15,0.07,-1.00,0.03,0.21,1.60,-1.00,-1.00,-1.00,-1.00,-1.00,-1.00,-1.00,-1.00,1.13,-1.00,0.10,0.04,0.13,
1.67,-1.00,-1.00,7.01,8.20,8.33,7.02,-1.00,0.05,0.11,0.19,0.49,0.55,0.15,0.07,-1.00,0.03,0.21,1.60,-1.00,-1.00,-1.00,-1.00,-1.00,-1.00,-1.00,-1.00,1.10,-1.00,0.10,0.04,0.13,
1.66,-1.00,-1.00,7.00,8.21,8.34,7.02,-1.00,0.05,0.11,0.19,0.49,0.55,0.15,0.07,-1.00,0.03,0.21,1.60,-1.00,-1.00,-1.00,-1.00,-1.00,-1.00,-1.00,-1.00,1.07,-1.00,0.10,0.04,0.13,
1.66,-1.00,-1.00,7.00,8.22,8.35,7.02,-1.00,0.06,0.11,0.19,0.48,0.54,0.15,0.07,-1.00,0.03,0.21,1.60,-1.00,-1.00,-1.00,-1.00,-1.00,-1.00,-1.00,-1.00,1.04,-1.00,0.10,0.04,0.13,
1.68,-1.00,-1.00,6.99,8.24,8.36,7.02,-1.00,0.06,0.11,0.19,0.48,0.54,0.15,0.07,-1.00,0.03,0.21,1.60,-1.00,-1.00,-1.00,-1.00,-1.00,-1.00,-1.00,-1.00,1.01,-1.00,0.09,0.04,0.12,
1.67,-1.00,-1.00,6.99,8.25,8.37,7.02,-1.00,0.06,0.11,0.19,0.48,0.54,0.15,0.07,-1.00,0.03,0.21,1.61,-1.00,-1.00,-1.00,-1.00,-1.00,-1.00,-1.00,-1.00,0.99,-1.00,0.10,0.04,0.12,
1.67,-1.00,-1.00,6.98,8.26,8.39,7.02,-1.00,0.06,0.11,0.19,0.48,0.53,0.16,0.07,-1.00,0.03,0.21,1.61,-1.00,-1.00,-1.00,-1.00,-1.00,-1.00,-1.00,-1.00,0.96,-1.00,0.10,0.04,0.12,
1.66,-1.00,-1.00,6.98,8.27,8.40,7.03,-1.00,0.06,0.11,0.19,0.48,0.53,0.16,0.07,-1.00,0.03,0.21,1.61,-1.00,-1.00,-1.00,-1.00,-1.00,-1.00,-1.00,-1.00,0.94,-1.00,0.10,0.04,0.12,
1.68,-1.00,-1.00,6.97,8.28,8.41,7.03,-1.00,0.06,0.11,0.19,0.47,0.53,0.16,0.07,-1.00,0.03,0.21,1.61,-1.00,-1.00,-1.00,-1.00,-1.00,-1.00,-1.00,-1.00,0.91,-1.00,0.10,0.04,0.12,
1.68,-1.00,-1.00,6.97,8.29,8.42,7.03,-1.00,0.06,0.11,0.19,0.47,0.52,0.16,0.07,-1.00,0.03,0.21,1.61,-1.00,-1.00,-1.00,-1.00,-1.00,-1.00,-1.00,-1.00,0.89,-1.00,0.10,0.04,0.12,
1.69,-1.00,-1.00,6.96,8.31,8.43,7.03,-1.00,0.06,0.11,0.19,0.47,0.52,0.16,0.07,-1.00,0.03,0.21,1.61,-1.00,-1.00,-1.00,-1.00,-1.00,-1.00,-1.00,-1.00,0.87,-1.00,0.10,0.04,0.12,
1.68,-1.00,-1.00,6.96,8.32,8.44,7.03,-1.00,0.06,0.11,0.19,0.47,0.52,0.16,0.07,-1.00,0.03,0.21,1.61,-1.00,-1.00,-1.00,-1.00,-1.00,-1.00,-1.00,-1.00,0.85,-1.00,0.10,0.04,0.12,
1.69,-1.00,-1.00,6.96,8.34,8.45,7.04,-1.00,0.06,0.11,0.19,0.47,0.52,0.16,0.07,-1.00,0.03,0.21,1.62,-1.00,-1.00,-1.00,-1.00,-1.00,-1.00,-1.00,-1.00,0.83,-1.00,0.10,0.04,0.12,
1.68,-1.00,-1.00,6.95,8.35,-1.00,7.04,-1.00,0.06,0.11,0.19,0.47,0.52,0.16,0.07,-1.00,0.03,0.21,1.62,-1.00,-1.00,-1.00,-1.00,-1.00,-1.00,-1.00,-1.00,0.81,-1.00,0.09,0.04,0.12,
1.68,-1.00,-1.00,6.95,8.35,8.64,7.04,-1.00,0.06,0.11,0.19,0.47,0.52,0.16,0.07,-1.00,0.03,0.21,1.62,-1.00,-1.00,-1.00,-1.00,-1.00,-1.00,-1.00,-1.00,0.79,-1.00,0.09,0.04,0.12,
1.69,-1.00,-1.00,6.97,8.34,8.60,7.05,-1.00,0.06,0.11,0.19,0.47,0.52,0.16,0.07,-1.00,0.03,0.21,1.62,-1.00,-1.00,-1.00,-1.00,-1.00,-1.00,-1.00,-1.00,0.78,-1.00,0.09,0.04,0.12,
1.68,-1.00,-1.00,7.01,8.31,8.46,7.05,-1.00,0.06,0.11,0.19,0.47,0.52,0.16,0.07,-1.00,0.03,0.21,1.62,-1.00,-1.00,-1.00,-1.00,-1.00,-1.00,-1.00,-1.00,0.77,-1.00,0.09,0.04,0.12,
1.68,-1.00,-1.00,7.06,8.28,8.45,7.06,-1.00,0.06,0.11,0.19,0.48,0.52,0.16,0.07,-1.00,0.03,0.21,1.61,-1.00,-1.00,-1.00,-1.00,-1.00,-1.00,-1.00,-1.00,0.75,-1.00,0.09,0.04,0.12,
1.66,-1.00,-1.00,7.09,8.25,8.44,7.06,-1.00,0.06,0.11,0.19,0.48,0.52,0.16,0.07,-1.00,0.03,0.21,1.61,-1.00,-1.00,-1.00,-1.00,-1.00,-1.00,-1.00,-1.00,-1.00,-1.00,0.09,0.04,0.12,
1.67,-1.00,-1.00,7.08,8.24,8.40,7.07,-1.00,0.06,0.11,0.19,0.48,0.52,0.16,0.07,-1.00,0.03,0.21,1.61,-1.00,-1.00,-1.00,-1.00,-1.00,-1.00,-1.00,-1.00,-1.00,-1.00,0.09,0.04,0.12,
1.68,-1.00,-1.00,7.04,6.73,6.94,7.07,-1.00,0.06,0.11,0.19,0.48,0.53,0.15,0.07,-1.00,0.03,0.21,1.61,-1.00,-1.00,-1.00,-1.00,-1.00,-1.00,-1.00,-1.00,-1.00,-1.00,0.09,0.04,0.12,
1.67,-1.00,6.95,6.99,6.72,6.93,7.07,-1.00,0.06,0.11,0.19,0.48,0.53,0.15,0.07,-1.00,0.03,0.21,1.61,-1.00,-1.00,-1.00,-1.00,-1.00,-1.00,-1.00,-1.00,-1.00,-1.00,0.09,0.04,0.12,
1.68,-1.00,6.95,6.93,6.72,6.94,7.07,-1.00,0.06,0.11,0.19,0.48,0.54,0.15,0.07,-1.00,0.03,0.21,1.60,-1.00,-1.00,-1.00,-1.00,-1.00,-1.00,-1.00,-1.00,-1.00,-1.00,0.09,0.04,0.12,
1.69,-1.00,6.94,6.84,6.70,6.91,7.06,-1.00,0.05,0.11,0.19,0.48,0.54,0.15,0.07,-1.00,0.03,0.21,1.60,-1.00,-1.00,-1.00,-1.00,-1.00,-1.00,-1.00,-1.00,-1.00,-1.00,0.09,0.04,0.12,
1.69,-1.00,6.70,5.48,5.70,5.75,7.02,-1.00,0.05,0.11,0.19,0.49,0.55,0.15,0.07,-1.00,0.03,0.21,1.60,-1.00,-1.00,-1.00,-1.00,-1.00,-1.00,-1.00,-1.00,-1.00,-1.00,0.09,0.04,0.12,
1.69,-1.00,6.31,5.42,5.60,4.96,5.92,-1.00,0.05,0.11,0.20,0.49,0.55,0.15,0.07,-1.00,0.03,0.21,1.60,-1.00,-1.00,-1.00,-1.00,-1.00,-1.00,-1.00,-1.00,-1.00,-1.00,0.09,0.04,0.12,
1.70,-1.00,5.79,5.35,5.51,4.91,5.90,-1.00,0.05,0.11,0.20,0.49,0.56,0.15,0.07,-1.00,0.03,0.21,1.59,-1.00,-1.00,-1.00,-1.00,-1.00,-1.00,-1.00,-1.00,-1.00,-1.00,0.09,0.04,0.12,
1.69,-1.00,5.68,5.30,5.44,4.83,5.89,5.82,0.05,0.11,0.20,0.49,0.56,0.15,0.07,-1.00,0.03,0.21,1.59,-1.00,-1.00,-1.00,-1.00,-1.00,-1.00,-1.00,-1.00,-1.00,-1.00,0.09,0.04,0.12,
1.69,-1.00,5.64,5.28,5.41,4.73,5.89,5.80,0.05,0.11,0.20,0.50,0.57,0.15,0.07,-1.00,0.03,0.21,1.59,-1.00,-1.00,-1.00,-1.00,-1.00,-1.00,-1.00,-1.00,-1.00,-1.00,0.09,0.04,0.12,
1.69,-1.00,5.59,5.26,5.37,4.63,5.90,5.76,0.05,0.11,0.20,0.50,0.57,0.15,0.07,-1.00,0.03,0.21,1.59,-1.00,-1.00,-1.00,-1.00,-1.00,-1.00,-1.00,-1.00,-1.00,-1.00,0.09,0.04,0.12,
1.69,-1.00,5.47,5.20,5.29,4.46,5.90,5.64,0.05,0.11,0.20,0.50,0.58,0.15,0.07,-1.00,0.03,0.21,1.58,-1.00,-1.00,-1.00,-1.00,-1.00,-1.00,-1.00,-1.00,-1.00,-1.00,0.09,0.04,0.12,
1.69,-1.00,5.40,5.17,5.24,4.39,5.90,5.61,0.05,0.11,0.20,0.50,0.58,0.15,0.07,-1.00,0.03,0.21,1.58,-1.00,-1.00,-1.00,-1.00,-1.00,-1.00,-1.00,-1.00,-1.00,-1.00,0.09,0.04,0.12,
1.71,-1.00,5.34,5.14,5.21,4.33,5.90,5.59,0.05,0.11,0.20,0.51,0.59,0.15,0.07,-1.00,0.03,0.21,1.58,-1.00,-1.00,-1.00,-1.00,-1.00,-1.00,-1.00,-1.00,-1.00,-1.00,0.09,0.04,0.12,
1.69,-1.00,5.30,5.11,5.18,4.29,5.90,5.58,0.05,0.11,0.20,0.51,0.59,0.15,0.07,-1.00,0.03,0.21,1.58,-1.00,-1.00,-1.00,-1.00,-1.00,-1.00,-1.00,-1.00,-1.00,-1.00,0.09,0.04,0.12,
1.71,-1.00,5.28,5.10,5.16,4.26,5.91,5.58,0.05,0.11,0.20,0.51,0.59,0.15,0.07,-1.00,0.03,0.22,1.57,-1.00,-1.00,-1.00,-1.00,-1.00,-1.00,-1.00,-1.00,-1.00,-1.00,0.09,0.04,0.12,
1.70,-1.00,5.27,5.09,5.16,4.25,5.91,5.58,0.05,0.11,0.20,0.52,0.60,0.15,0.07,-1.00,0.03,0.22,1.57,-1.00,-1.00,-1.00,-1.00,-1.00,-1.00,-1.00,-1.00,-1.00,-1.00,0.09,0.04,0.12,
1.70,-1.00,5.28,5.10,5.17,4.25,5.91,5.59,0.05,0.11,0.20,0.52,0.60,0.15,0.07,-1.00,0.03,0.22,1.57,-1.00,-1.00,-1.00,-1.00,-1.00,-1.00,-1.00,-1.00,-1.00,-1.00,0.09,0.04,0.12,
1.70,-1.00,5.31,5.11,5.19,4.27,5.89,5.59,0.05,0.11,0.20,0.52,0.61,0.15,0.07,-1.00,0.03,0.22,1.57,-1.00,-1.00,-1.00,-1.00,-1.00,-1.00,-1.00,-1.00,-1.00,-1.00,0.09,0.04,0.12,
1.70,-1.00,5.33,5.11,5.18,4.32,5.88,5.59,0.05,0.11,0.20,0.52,0.61,0.15,0.07,-1.00,0.03,0.22,1.56,-1.00,-1.00,-1.00,-1.00,-1.00,-1.00,-1.00,-1.00,-1.00,-1.00,0.09,0.04,0.12,
1.69,-1.00,5.35,5.11,5.17,4.40,5.87,5.59,0.05,0.11,0.20,0.52,0.61,0.15,0.07,-1.00,0.03,0.22,1.56,-1.00,-1.00,-1.00,-1.00,-1.00,-1.00,-1.00,-1.00,-1.00,-1.00,0.09,0.04,0.12,
1.69,-1.00,5.35,5.11,5.18,5.12,5.88,5.60,0.05,0.11,0.20,0.52,0.62,0.15,0.07,-1.00,0.03,0.22,1.56,-1.00,-1.00,-1.00,-1.00,-1.00,-1.00,-1.00,-1.00,-1.00,-1.00,0.09,0.04,0.12,
1.71,-1.00,5.36,5.17,5.92,6.41,5.91,5.61,0.05,0.11,0.20,0.52,0.62,0.15,0.07,-1.00,0.03,0.22,1.56,-1.00,-1.00,-1.00,-1.00,-1.00,-1.00,-1.00,-1.00,-1.00,-1.00,0.09,0.04,0.12,
1.68,-1.00,5.36,6.47,6.69,6.52,5.95,5.63,0.05,0.11,0.20,0.52,0.62,0.15,0.07,-1.00,0.03,0.22,1.56,-1.00,-1.00,-1.00,-1.00,-1.00,-1.00,-1.00,-1.00,-1.00,-1.00,0.09,0.04,0.12,
1.69,-1.00,5.37,6.52,6.69,6.59,5.96,5.64,0.05,0.11,0.20,0.52,0.62,0.15,0.07,-1.00,0.03,0.22,1.56,-1.00,-1.00,-1.00,-1.00,-1.00,-1.00,-1.00,-1.00,-1.00,-1.00,0.09,0.04,0.12,
1.69,-1.00,5.37,6.57,6.69,6.65,5.97,5.65,0.05,0.11,0.20,0.52,0.62,0.15,0.07,-1.00,0.03,0.22,1.56,-1.00,-1.00,-1.00,-1.00,-1.00,-1.00,-1.00,-1.00,-1.00,-1.00,0.09,0.04,0.12,
1.67,-1.00,-1.00,6.63,6.70,7.62,5.98,5.66,0.05,0.11,0.20,0.52,0.62,0.15,0.07,-1.00,0.03,0.22,1.56,-1.00,-1.00,-1.00,-1.00,-1.00,-1.00,-1.00,-1.00,-1.00,-1.00,0.09,0.04,0.12,
1.69,-1.00,-1.00,6.71,6.76,8.38,5.99,5.67,0.05,0.11,0.20,0.52,0.61,0.15,0.07,-1.00,0.03,0.22,1.56,-1.00,-1.00,-1.00,-1.00,-1.00,-1.00,-1.00,-1.00,-1.00,-1.00,0.09,0.04,0.12,
1.70,-1.00,-1.00,6.81,8.19,8.40,6.01,5.68,0.05,0.11,0.20,0.52,0.61,0.15,0.07,-1.00,0.03,0.22,1.56,-1.00,-1.00,-1.00,-1.00,-1.00,-1.00,-1.00,-1.00,1.48,-1.00,0.09,0.04,0.12,
1.70,-1.00,-1.00,6.89,8.18,8.40,6.02,-1.00,0.05,0.11,0.20,0.52,0.61,0.15,0.07,-1.00,0.03,0.22,1.56,-1.00,-1.00,-1.00,-1.00,-1.00,-1.00,-1.00,-1.00,1.44,-1.00,0.09,0.04,0.12,
1.72,-1.00,-1.00,6.94,8.19,8.40,6.03,-1.00,0.05,0.11,0.20,0.52,0.61,0.15,0.07,-1.00,0.03,0.22,1.56,-1.00,-1.00,-1.00,-1.00,-1.00,-1.00,-1.00,-1.00,1.40,-1.00,0.09,0.04,0.12,
1.71,-1.00,-1.00,6.94,8.19,8.40,6.04,-1.00,0.05,0.11,0.20,0.52,0.60,0.15,0.07,-1.00,0.03,0.22,1.56,-1.00,-1.00,-1.00,-1.00,-1.00,-1.00,-1.00,-1.00,1.36,-1.00,0.09,0.04,0.12,
1.71,-1.00,-1.00,6.94,8.20,8.41,6.04,-1.00,0.05,0.11,0.20,0.51,0.60,0.15,0.07,-1.00,0.03,0.22,1.56,-1.00,-1.00,-1.00,-1.00,-1.00,-1.00,-1.00,-1.00,1.32,-1.00,0.09,0.04,0.12,
1.71,-1.00,-1.00,6.94,8.21,8.42,6.05,-1.00,0.05,0.11,0.20,0.51,0.59,0.15,0.07,-1.00,0.03,0.22,1.57,-1.00,-1.00,-1.00,-1.00,-1.00,-1.00,-1.00,-1.00,1.29,-1.00,0.09,0.04,0.12,
1.71,-1.00,-1.00,6.93,8.23,8.44,6.05,-1.00,0.05,0.11,0.20,0.51,0.59,0.15,0.07,-1.00,0.03,0.22,1.57,-1.00,-1.00,-1.00,-1.00,-1.00,-1.00,-1.00,-1.00,1.25,-1.00,0.09,0.04,0.12,
1.72,-1.00,-1.00,6.93,8.24,8.45,6.06,-1.00,0.05,0.11,0.20,0.51,0.58,0.15,0.07,-1.00,0.03,0.22,1.57,-1.00,-1.00,-1.00,-1.00,-1.00,-1.00,-1.00,-1.00,1.22,-1.00,0.09,0.04,0.12,
1.69,-1.00,-1.00,6.92,8.25,8.46,6.06,-1.00,0.05,0.11,0.20,0.50,0.58,0.15,0.07,-1.00,0.03,0.22,1.57,-1.00,-1.00,-1.00,-1.00,-1.00,-1.00,-1.00,-1.00,1.18,-1.00,0.09,0.04,0.12,
1.68,-1.00,-1.00,6.92,8.26,8.47,-1.00,2.70,0.05,0.11,0.20,0.50,0.57,0.15,0.07,-1.00,0.03,0.22,1.58,-1.00,-1.00,-1.00,-1.00,-1.00,-1.00,-1.00,-1.00,1.15,-1.00,0.09,0.04,0.12,
1.68,-1.00,-1.00,6.91,8.27,8.48,-1.00,2.69,0.05,0.11,0.20,0.50,0.57,0.15,0.07,-1.00,0.03,0.22,1.58,-1.00,-1.00,-1.00,-1.00,-1.00,-1.00,-1.00,-1.00,1.12,-1.00,0.09,0.04,0.12,
1.67,-1.00,-1.00,6.91,-1.00,-1.00,2.43,2.69,0.05,0.11,0.20,0.49,0.56,0.15,0.07,-1.00,0.03,0.22,1.58,-1.00,-1.00,-1.00,-1.00,-1.00,-1.00,-1.00,-1.00,1.08,-1.00,0.09,0.04,0.12,
1.68,-1.00,-1.00,6.90,-1.00,-1.00,2.43,2.67,0.06,0.11,0.20,0.49,0.55,0.15,0.07,-1.00,0.03,0.22,1.59,-1.00,-1.00,-1.00,-1.00,-1.00,-1.00,-1.00,-1.00,1.05,1.31,0.09,0.04,0.12,
1.70,-1.00,-1.00,6.89,-1.00,-1.00,2.42,2.66,0.06,0.11,0.20,0.49,0.55,0.15,0.07,-1.00,0.03,0.22,1.59,-1.00,-1.00,-1.00,-1.00,-1.00,-1.00,-1.00,-1.00,1.03,1.28,0.09,0.04,0.12,
1.68,-1.00,-1.00,6.88,-1.00,-1.00,2.42,2.66,0.06,0.11,0.20,0.48,0.54,0.15,0.07,-1.00,0.03,0.22,1.59,-1.00,-1.00,-1.00,-1.00,-1.00,-1.00,-1.00,-1.00,1.00,1.24,0.09,0.04,0.12,
1.68,-1.00,-1.00,6.88,-1.00,-1.00,2.42,2.66,0.06,0.11,0.20,0.48,0.54,0.15,0.07,-1.00,0.03,0.22,1.59,-1.00,-1.00,-1.00,-1.00,-1.00,-1.00,-1.00,-1.00,0.98,1.20,0.10,0.04,0.12,
1.70,-1.00,-1.00,6.87,-1.00,-1.00,2.42,2.66,0.06,0.11,0.20,0.48,0.53,0.15,0.07,-1.00,0.03,0.22,1.60,-1.00,-1.00,-1.00,-1.00,-1.00,-1.00,-1.00,-1.00,0.95,1.17,0.10,0.04,0.12,
1.70,-1.00,-1.00,6.87,-1.00,-1.00,-1.00,2.66,0.06,0.11,0.20,0.47,0.53,0.15,0.07,-1.00,0.03,0.22,1.60,-1.00,-1.00,-1.00,-1.00,-1.00,-1.00,-1.00,-1.00,0.92,-1.00,0.10,0.04,0.12,
1.70,-1.00,-1.00,6.86,-1.00,-1.00,-1.00,2.66,0.06,0.11,0.20,0.47,0.52,0.15,0.07,-1.00,0.03,0.22,1.60,-1.00,-1.00,-1.00,-1.00,-1.00,-1.00,-1.00,-1.00,0.90,-1.00,0.10,0.04,0.12,
1.70,-1.00,-1.00,6.86,-1.00,-1.00,7.73,-1.00,0.06,0.11,0.20,0.47,0.52,0.15,0.07,-1.00,0.03,0.22,1.60,-1.00,-1.00,-1.00,-1.00,-1.00,-1.00,-1.00,-1.00,0.87,-1.00,0.10,0.04,0.12,
1.71,-1.00,-1.00,6.85,-1.00,-1.00,7.74,-1.00,0.06,0.11,0.20,0.47,0.52,0.15,0.07,-1.00,0.03,0.22,1.60,-1.00,-1.00,-1.00,-1.00,-1.00,-1.00,-1.00,-1.00,0.85,-1.00,0.09,0.04,0.12,
1.71,-1.00,-1.00,6.85,-1.00,-1.00,7.74,-1.00,0.06,0.11,0.19,0.47,0.52,0.16,0.07,-1.00,0.03,0.21,1.60,-1.00,-1.00,-1.00,-1.00,-1.00,-1.00,-1.00,-1.00,0.83,-1.00,0.09,0.04,0.12,
1.69,-1.00,-1.00,6.85,-1.00,-1.00,7.75,-1.00,0.06,0.11,0.19,0.47,0.51,0.16,0.07,-1.00,0.03,0.21,1.60,-1.00,-1.00,-1.00,-1.00,-1.00,-1.00,-1.00,-1.00,0.81,-1.00,0.09,0.04,0.12,
0.75,-1.00,-1.00,6.85,-1.00,-1.00,7.75,-1.00,0.06,0.11,0.19,0.47,0.51,0.16,0.07,-1.00,0.03,0.21,1.61,-1.00,-1.00,-1.00,-1.00,-1.00,-1.00,-1.00,-1.00,0.80,-1.00,0.09,0.04,0.12,
1.65,-1.00,-1.00,6.85,-1.00,-1.00,7.76,-1.00,0.06,0.11,0.19,0.47,0.51,0.16,0.07,-1.00,0.03,0.21,1.61,-1.00,-1.00,-1.00,-1.00,-1.00,-1.00,-1.00,-1.00,0.78,-1.00,0.09,0.04,0.12,
1.66,-1.00,-1.00,6.86,8.22,8.52,7.78,-1.00,0.06,0.11,0.19,0.47,0.51,0.16,0.07,-1.00,0.03,0.21,1.61,-1.00,-1.00,-1.00,-1.00,-1.00,-1.00,-1.00,-1.00,0.76,-1.00,0.09,0.04,0.12,
1.67,-1.00,-1.00,6.93,8.19,8.45,7.80,-1.00,0.06,0.11,0.19,0.47,0.51,0.16,0.07,-1.00,0.03,0.21,1.60,-1.00,-1.00,-1.00,-1.00,-1.00,-1.00,-1.00,-1.00,0.75,-1.00,0.09,0.04,0.12,
1.67,-1.00,-1.00,6.99,8.19,8.45,7.83,-1.00,0.06,0.11,0.19,0.47,0.52,0.15,0.07,-1.00,0.03,0.21,1.60,-1.00,-1.00,-1.00,-1.00,-1.00,-1.00,-1.00,-1.00,-1.00,-1.00,0.09,0.04,0.12,
1.68,-1.00,-1.00,7.03,8.17,8.44,7.84,-1.00,-1.00,0.07,0.15,0.52,0.47,0.19,0.11,0.06,0.03,0.21,1.60,-1.00,-1.00,-1.00,-1.00,-1.00,-1.00,-1.00,-1.00,-1.00,-1.00,0.09,0.04,0.12,
1.68,-1.00,-1.00,7.02,8.16,8.37,7.83,-1.00,0.06,0.11,0.19,0.48,0.52,0.15,0.07,-1.00,0.03,0.21,1.60,-1.00,-1.00,-1.00,-1.00,-1.00,-1.00,-1.00,-1.00,-1.00,-1.00,0.09,0.04,0.12,
1.67,-1.00,-1.00,6.98,6.70,6.89,7.80,-1.00,0.06,0.11,0.19,0.48,0.52,0.15,0.07,-1.00,0.03,0.21,1.60,-1.00,-1.00,-1.00,-1.00,-1.00,-1.00,-1.00,-1.00,-1.00,-1.00,0.09,0.04,0.12,
1.66,-1.00,6.98,6.89,6.70,6.91,7.59,-1.00,0.06,0.11,0.20,0.48,0.53,0.15,0.07,-1.00,0.03,0.21,1.60,-1.00,-1.00,-1.00,-1.00,-1.00,-1.00,-1.00,-1.00,-1.00,-1.00,0.09,0.04,0.12,
1.66,-1.00,6.89,6.02,6.62,6.82,7.46,-1.00,0.06,0.11,0.20,0.48,0.53,0.15,0.07,-1.00,0.03,0.21,1.59,-1.00,-1.00,-1.00,-1.00,-1.00,-1.00,-1.00,-1.00,-1.00,-1.00,0.09,0.04,0.12,
1.67,-1.00,6.46,5.18,5.27,5.07,5.95,-1.00,0.06,0.11,0.20,0.48,0.54,0.15,0.07,-1.00,0.03,0.21,1.59,-1.00,-1.00,-1.00,-1.00,-1.00,-1.00,-1.00,-1.00,-1.00,-1.00,0.09,0.04,0.12,
1.67,-1.00,5.75,5.16,5.24,5.00,5.92,-1.00,0.06,0.11,0.20,0.48,0.54,0.15,0.07,-1.00,0.03,0.21,1.59,-1.00,-1.00,-1.00,-1.00,-1.00,-1.00,-1.00,-1.00,-1.00,-1.00,0.09,0.04,0.12,
1.67,-1.00,5.65,5.16,5.23,4.89,5.90,5.74,0.06,0.11,0.20,0.49,0.55,0.15,0.07,-1.00,0.03,0.21,1.59,-1.00,-1.00,-1.00,-1.00,-1.00,-1.00,-1.00,-1.00,-1.00,-1.00,0.09,0.04,0.12,
1.67,-1.00,5.61,5.16,5.23,4.76,5.91,5.70,0.06,0.11,0.20,0.49,0.56,0.15,0.07,-1.00,0.03,0.21,1.58,-1.00,-1.00,-1.00,-1.00,-1.00,-1.00,-1.00,-1.00,-1.00,-1.00,0.09,0.04,0.12,
1.67,-1.00,5.53,5.13,5.20,4.63,5.91,5.60,0.05,0.11,0.20,0.49,0.56,0.15,0.07,-1.00,0.03,0.21,1.58,-1.00,-1.00,-1.00,-1.00,-1.00,-1.00,-1.00,-1.00,-1.00,-1.00,0.09,0.04,0.12,
1.68,-1.00,5.42,5.09,5.15,4.51,5.89,5.55,0.05,0.11,0.20,0.50,0.57,0.15,0.07,-1.00,0.03,0.21,1.58,-1.00,-1.00,-1.00,-1.00,-1.00,-1.00,-1.00,-1.00,-1.00,-1.00,0.09,0.04,0.12,
1.68,4.48,5.30,5.03,5.07,4.39,5.78,5.50,0.05,0.11,0.20,0.50,0.57,0.15,0.07,-1.00,0.03,0.21,1.58,-1.00,-1.00,-1.00,-1.00,-1.00,-1.00,-1.00,-1.00,-1.00,-1.00,0.09,0.04,0.12,
1.70,4.51,5.18,4.97,4.95,4.27,4.88,5.44,0.05,0.11,0.20,0.51,0.58,0.15,0.07,-1.00,0.03,0.21,1.57,-1.00,-1.00,-1.00,-1.00,-1.00,-1.00,-1.00,-1.00,-1.00,-1.00,0.09,0.04,0.12,
1.72,4.55,5.07,4.90,4.13,4.25,4.79,5.38,0.05,0.11,0.20,0.51,0.58,0.15,0.07,-1.00,0.03,0.21,1.57,-1.00,-1.00,-1.00,-1.00,-1.00,-1.00,-1.00,-1.00,-1.00,-1.00,0.09,0.04,0.12,
1.73,4.60,4.96,4.82,4.11,4.23,4.68,5.30,0.05,0.11,0.20,0.51,0.59,0.15,0.07,-1.00,0.03,0.21,1.57,-1.00,-1.00,-1.00,-1.00,-1.00,-1.00,-1.00,-1.00,-1.00,-1.00,0.09,0.04,0.12,
1.73,4.64,4.86,4.73,4.07,4.21,4.57,5.22,0.05,0.11,0.20,0.52,0.59,0.15,0.07,-1.00,0.03,0.21,1.57,-1.00,-1.00,-1.00,-1.00,-1.00,-1.00,-1.00,-1.00,-1.00,-1.00,0.09,0.04,0.12,
1.72,4.68,4.78,4.64,4.03,4.19,4.48,5.15,0.05,0.11,0.20,0.52,0.60,0.15,0.07,-1.00,0.03,0.21,1.56,-1.00,-1.00,-1.00,-1.00,-1.00,-1.00,-1.00,-1.00,-1.00,-1.00,0.09,0.04,0.12,
1.75,4.70,4.71,4.58,4.01,4.17,4.42,5.11,0.05,0.11,0.20,0.53,0.60,0.15,0.07,-1.00,0.03,0.21,1.56,-1.00,-1.00,-1.00,-1.00,-1.00,-1.00,-1.00,-1.00,-1.00,-1.00,0.09,0.04,0.12,
1.76,4.71,4.66,4.56,4.01,4.15,4.40,5.09,0.05,0.11,0.20,0.53,0.61,0.15,0.07,-1.00,0.03,0.21,1.56,-1.00,-1.00,-1.00,-1.00,-1.00,-1.00,-1.00,-1.00,-1.00,-1.00,0.09,0.04,0.12,
1.74,4.72,4.64,4.56,4.03,4.06,4.44,5.10,0.05,0.11,0.20,0.53,0.61,0.15,0.07,-1.00,0.03,0.21,1.56,-1.00,-1.00,-1.00,-1.00,-1.00,-1.00,-1.00,-1.00,-1.00,-1.00,0.09,0.04,0.12,
1.74,4.72,4.63,4.58,4.11,4.01,5.15,5.13,0.05,0.11,0.20,0.54,0.62,0.15,0.07,-1.00,0.03,0.21,1.55,-1.00,-1.00,-1.00,-1.00,-1.00,-1.00,-1.00,-1.00,-1.00,-1.00,0.09,0.04,0.12,
1.73,4.72,4.65,4.62,4.24,3.99,5.18,5.18,0.05,0.11,0.20,0.54,0.62,0.15,0.07,-1.00,0.03,0.21,1.55,-1.00,-1.00,-1.00,-1.00,-1.00,-1.00,-1.00,-1.00,-1.00,-1.00,0.09,0.04,0.12,
1.75,4.72,4.70,4.67,4.98,4.00,5.21,5.24,0.05,0.11,0.20,0.54,0.62,0.15,0.07,-1.00,0.03,0.21,1.55,-1.00,-1.00,-1.00,-1.00,-1.00,-1.00,-1.00,-1.00,-1.00,-1.00,0.09,0.04,0.12,
1.74,-1.00,4.78,4.74,5.00,4.03,5.25,5.26,0.05,0.11,0.20,0.54,0.63,0.15,0.07,-1.00,0.03,0.21,1.55,-1.00,-1.00,-1.00,-1.00,-1.00,-1.00,-1.00,-1.00,-1.00,-1.00,0.09,0.04,0.12,
1.74,-1.00,4.90,4.81,5.05,4.09,5.36,5.26,0.05,0.11,0.20,0.54,0.63,0.15,0.07,-1.00,0.03,0.21,1.55,-1.00,-1.00,-1.00,-1.00,-1.00,-1.00,-1.00,-1.00,-1.00,-1.00,0.09,0.04,0.12,
1.72,-1.00,5.00,4.87,5.07,4.18,5.45,5.27,0.05,0.11,0.20,0.54,0.63,0.15,0.07,-1.00,0.03,0.21,1.55,-1.00,-1.00,-1.00,-1.00,-1.00,-1.00,-1.00,-1.00,-1.00,-1.00,0.09,0.04,0.12,
1.72,-1.00,5.08,4.91,5.08,4.90,5.50,5.27,0.05,0.11,0.20,0.54,0.63,0.15,0.07,-1.00,0.03,0.21,1.55,-1.00,-1.00,-1.00,-1.00,-1.00,-1.00,-1.00,-1.00,-1.00,-1.00,0.09,0.04,0.12,
1.72,-1.00,5.09,4.98,5.18,6.07,5.54,5.29,0.05,0.11,0.20,0.54,0.63,0.15,0.07,-1.00,0.03,0.21,1.54,-1.00,-1.00,-1.00,-1.00,-1.00,-1.00,-1.00,-1.00,-1.00,-1.00,0.09,0.04,0.12,
1.72,-1.00,5.10,6.39,6.66,6.97,5.59,5.30,0.05,0.11,0.20,0.54,0.63,0.15,0.07,-1.00,0.03,0.21,1.54,-1.00,-1.00,-1.00,-1.00,-1.00,-1.00,-1.00,-1.00,-1.00,-1.00,0.09,0.04,0.12,
1.71,-1.00,5.11,6.45,6.67,6.95,5.62,5.32,0.05,0.11,0.20,0.54,0.63,0.15,0.07,-1.00,0.03,0.21,1.54,-1.00,-1.00,-1.00,-1.00,-1.00,-1.00,-1.00,-1.00,-1.00,-1.00,0.09,0.04,0.12,
1.71,-1.00,5.11,6.52,6.67,6.94,5.62,5.33,0.05,0.11,0.20,0.54,0.63,0.15,0.07,-1.00,0.03,0.21,1.54,-1.00,-1.00,-1.00,-1.00,-1.00,-1.00,-1.00,-1.00,-1.00,-1.00,0.09,0.04,0.12,
1.71,-1.00,-1.00,6.60,6.69,7.02,5.64,5.34,0.05,0.11,0.20,0.54,0.63,0.15,0.07,-1.00,0.03,0.22,1.54,-1.00,-1.00,-1.00,-1.00,-1.00,-1.00,-1.00,-1.00,-1.00,-1.00,0.09,0.04,0.12,
1.70,-1.00,-1.00,6.70,8.09,8.46,5.65,5.35,0.05,0.11,0.20,0.54,0.63,0.15,0.07,-1.00,0.03,0.22,1.54,-1.00,-1.00,-1.00,-1.00,-1.00,-1.00,-1.00,-1.00,-1.00,-1.00,0.09,0.04,0.12,
1.69,-1.00,-1.00,6.80,8.11,8.45,5.67,-1.00,0.05,0.11,0.20,0.54,0.62,0.15,0.07,-1.00,0.03,0.22,1.54,-1.00,-1.00,-1.00,-1.00,-1.00,-1.00,-1.00,-1.00,1.46,-1.00,0.09,0.04,0.12,
1.70,-1.00,-1.00,6.88,8.12,8.46,5.68,-1.00,0.05,0.11,0.20,0.53,0.62,0.15,0.07,-1.00,0.03,0.22,1.55,-1.00,-1.00,-1.00,-1.00,-1.00,-1.00,-1.00,-1.00,1.42,-1.00,0.09,0.04,0.12,
1.70,-1.00,-1.00,6.89,8.13,8.46,5.69,-1.00,0.05,0.11,0.20,0.53,0.61,0.15,0.07,-1.00,0.03,0.22,1.55,-1.00,-1.00,-1.00,-1.00,-1.00,-1.00,-1.00,-1.00,1.38,-1.00,0.09,0.04,0.12,
1.71,-1.00,-1.00,6.89,8.13,8.46,5.70,-1.00,0.05,0.11,0.20,0.53,0.61,0.15,0.07,-1.00,0.03,0.22,1.55,-1.00,-1.00,-1.00,-1.00,-1.00,-1.00,-1.00,-1.00,1.34,-1.00,0.09,0.04,0.12,
1.71,-1.00,-1.00,6.89,8.14,8.47,5.71,-1.00,0.05,0.11,0.20,0.53,0.61,0.15,0.07,-1.00,0.03,0.22,1.55,-1.00,-1.00,-1.00,-1.00,-1.00,-1.00,-1.00,-1.00,1.31,-1.00,0.09,0.04,0.12,
1.71,-1.00,-1.00,6.88,8.15,8.48,5.71,-1.00,0.05,0.11,0.20,0.52,0.60,0.15,0.07,-1.00,0.03,0.22,1.55,-1.00,-1.00,-1.00,-1.00,-1.00,-1.00,-1.00,-1.00,1.27,-1.00,0.09,0.04,0.12,
1.70,-1.00,-1.00,6.88,8.17,8.49,5.72,-1.00,0.05,0.11,0.20,0.52,0.60,0.15,0.07,-1.00,0.03,0.22,1.55,-1.00,-1.00,-1.00,-1.00,-1.00,-1.00,-1.00,-1.00,1.24,-1.00,0.09,0.04,0.12,
1.68,-1.00,-1.00,6.88,8.18,8.50,5.72,-1.00,0.05,0.11,0.20,0.52,0.59,0.15,0.07,-1.00,0.03,0.22,1.56,-1.00,-1.00,-1.00,-1.00,-1.00,-1.00,-1.00,-1.00,1.20,-1.00,0.09,0.04,0.12,
1.69,-1.00,-1.00,6.87,8.19,8.51,5.73,-1.00,0.05,0.11,0.20,0.51,0.59,0.15,0.07,-1.00,0.03,0.22,1.56,-1.00,-1.00,-1.00,-1.00,-1.00,-1.00,-1.00,-1.00,1.17,-1.00,0.09,0.04,0.12,
1.67,-1.00,-1.00,6.86,8.22,8.53,-1.00,-1.00,0.05,0.11,0.20,0.51,0.58,0.15,0.07,-1.00,0.03,0.22,1.56,-1.00,-1.00,-1.00,-1.00,-1.00,-1.00,-1.00,-1.00,1.14,-1.00,0.09,0.04,0.12,
1.67,-1.00,-1.00,6.86,8.23,8.54,-1.00,-1.00,0.05,0.11,0.20,0.51,0.57,0.15,0.07,-1.00,0.03,0.22,1.56,-1.00,-1.00,-1.00,-1.00,-1.00,-1.00,-1.00,-1.00,1.11,-1.00,0.09,0.04,0.12,
1.66,-1.00,-1.00,6.85,8.24,8.55,-1.00,-1.00,0.05,0.11,0.20,0.51,0.57,0.15,0.07,-1.00,0.03,0.22,1.57,-1.00,-1.00,-1.00,-1.00,-1.00,-1.00,-1.00,-1.00,1.08,-1.00,0.09,0.04,0.12,
1.66,-1.00,-1.00,6.85,8.25,8.57,7.71,-1.00,0.05,0.11,0.20,0.50,0.56,0.15,0.07,-1.00,0.03,0.21,1.57,-1.00,-1.00,-1.00,-1.00,-1.00,-1.00,-1.00,-1.00,1.05,-1.00,0.09,0.04,0.12,
1.66,-1.00,-1.00,6.84,8.26,8.58,7.72,-1.00,0.05,0.11,0.20,0.50,0.56,0.15,0.07,-1.00,0.03,0.21,1.57,-1.00,-1.00,-1.00,-1.00,-1.00,-1.00,-1.00,-1.00,1.02,-1.00,0.09,0.04,0.12,
1.67,-1.00,-1.00,6.84,8.27,8.59,7.72,-1.00,0.05,0.11,0.20,0.50,0.56,0.15,0.07,-1.00,0.03,0.21,1.57,-1.00,-1.00,-1.00,-1.00,-1.00,-1.00,-1.00,-1.00,1.00,-1.00,0.09,0.04,0.12,
1.66,-1.00,-1.00,6.84,8.28,8.60,7.73,-1.00,0.05,0.11,0.20,0.50,0.55,0.15,0.07,-1.00,0.03,0.21,1.57,-1.00,-1.00,-1.00,-1.00,-1.00,-1.00,-1.00,-1.00,0.97,-1.00,0.09,0.04,0.12,
1.66,-1.00,-1.00,6.83,8.30,8.61,7.73,-1.00,0.06,0.11,0.20,0.49,0.55,0.15,0.07,-1.00,0.03,0.21,1.58,-1.00,-1.00,-1.00,-1.00,-1.00,-1.00,-1.00,-1.00,0.95,-1.00,0.09,0.04,0.12,
1.66,-1.00,-1.00,6.83,8.31,8.62,7.74,-1.00,0.06,0.11,0.20,0.49,0.55,0.15,0.07,-1.00,0.03,0.21,1.58,-1.00,-1.00,-1.00,-1.00,-1.00,-1.00,-1.00,-1.00,0.93,-1.00,0.09,0.04,0.12,
1.66,-1.00,-1.00,6.83,8.32,8.63,7.74,-1.00,0.06,0.11,0.20,0.49,0.55,0.15,0.07,-1.00,0.03,0.21,1.58,-1.00,-1.00,-1.00,-1.00,-1.00,-1.00,-1.00,-1.00,0.91,-1.00,0.09,0.04,0.12,
1.66,-1.00,-1.00,6.83,8.32,8.63,7.75,-1.00,0.06,0.11,0.20,0.49,0.54,0.15,0.07,-1.00,0.03,0.21,1.58,-1.00,-1.00,-1.00,-1.00,-1.00,-1.00,-1.00,-1.00,0.88,-1.00,0.09,0.04,0.12,
1.65,-1.00,-1.00,6.84,8.32,8.63,7.77,-1.00,0.06,0.11,0.20,0.49,0.54,0.15,0.07,-1.00,0.03,0.21,1.58,-1.00,-1.00,-1.00,-1.00,-1.00,-1.00,-1.00,-1.00,0.87,-1.00,0.09,0.04,0.12,
1.64,-1.00,-1.00,6.89,8.30,8.62,7.79,-1.00,0.05,0.11,0.20,0.49,0.54,0.15,0.07,-1.00,0.03,0.21,1.58,-1.00,-1.00,-1.00,-1.00,-1.00,-1.00,-1.00,-1.00,0.85,-1.00,0.09,0.04,0.12,
1.64,-1.00,-1.00,6.95,8.28,8.59,7.82,-1.00,0.06,0.11,0.20,0.49,0.54,0.15,0.07,-1.00,0.03,0.21,1.58,-1.00,-1.00,-1.00,-1.00,-1.00,-1.00,-1.00,-1.00,0.83,-1.00,0.09,0.04,0.12,
1.65,-1.00,-1.00,7.01,8.26,8.56,7.83,-1.00,0.06,0.11,0.20,0.49,0.54,0.15,0.07,-1.00,0.03,0.21,1.58,-1.00,-1.00,-1.00,-1.00,-1.00,-1.00,-1.00,-1.00,-1.00,-1.00,0.09,0.04,0.12,
1.65,-1.00,-1.00,7.02,8.25,8.52,7.83,-1.00,0.05,0.11,0.20,0.49,0.54,0.15,0.07,-1.00,0.03,0.21,1.58,-1.00,-1.00,-1.00,-1.00,-1.00,-1.00,-1.00,-1.00,-1.00,-1.00,0.09,0.04,0.12,
1.65,-1.00,-1.00,7.00,8.18,7.11,7.82,-1.00,0.05,0.11,0.20,0.49,0.55,0.15,0.07,-1.00,0.03,0.21,1.58,-1.00,-1.00,-1.00,-1.00,-1.00,-1.00,-1.00,-1.00,-1.00,-1.00,0.09,0.04,0.12,
1.64,-1.00,6.81,6.97,6.69,7.06,7.78,-1.00,0.05,0.11,0.20,0.50,0.55,0.15,0.07,-1.00,0.03,0.21,1.57,-1.00,-1.00,-1.00,-1.00,-1.00,-1.00,-1.00,-1.00,-1.00,-1.00,0.09,0.04,0.12,
1.65,-1.00,6.83,6.92,6.70,7.04,7.66,-1.00,0.05,0.11,0.20,0.50,0.55,0.15,0.07,-1.00,0.03,0.21,1.57,-1.00,-1.00,-1.00,-1.00,-1.00,-1.00,-1.00,-1.00,-1.00,-1.00,0.09,0.04,0.12,
1.66,-1.00,6.83,6.83,6.68,7.00,7.56,-1.00,0.05,0.11,0.20,0.50,0.56,0.15,0.07,-1.00,0.03,0.21,1.57,-1.00,-1.00,-1.00,-1.00,-1.00,-1.00,-1.00,-1.00,-1.00,-1.00,0.09,0.04,0.12,
1.68,-1.00,6.54,5.33,5.48,5.39,6.09,-1.00,0.05,0.11,0.20,0.50,0.56,0.15,0.07,-1.00,0.03,0.21,1.57,-1.00,-1.00,-1.00,-1.00,-1.00,-1.00,-1.00,-1.00,-1.00,-1.00,0.09,0.04,0.12,
1.69,-1.00,5.89,5.29,5.41,5.27,6.03,-1.00,0.05,0.11,0.20,0.50,0.57,0.15,0.07,-1.00,0.03,0.22,1.57,-1.00,-1.00,-1.00,-1.00,-1.00,-1.00,-1.00,-1.00,-1.00,-1.00,0.09,0.04,0.12,
1.70,-1.00,5.69,5.25,5.37,4.44,5.99,5.76,0.05,0.11,0.20,0.50,0.57,0.15,0.07,-1.00,0.03,0.22,1.57,-1.00,-1.00,-1.00,-1.00,-1.00,-1.00,-1.00,-1.00,-1.00,-1.00,0.09,0.04,0.12,
1.73,-1.00,5.52,5.17,5.27,4.33,5.98,5.59,0.05,0.11,0.20,0.51,0.58,0.15,0.07,-1.00,0.03,0.22,1.56,-1.00,-1.00,-1.00,-1.00,-1.00,-1.00,-1.00,-1.00,-1.00,-1.00,0.09,0.04,0.12,
1.71,4.34,4.81,5.10,5.17,4.25,5.91,5.53,0.05,0.11,0.20,0.51,0.58,0.15,0.07,-1.00,0.03,0.22,1.56,-1.00,-1.00,-1.00,-1.00,-1.00,-1.00,-1.00,-1.00,-1.00,-1.00,0.09,0.04,0.12,
1.70,4.40,4.78,5.01,4.15,4.23,4.35,5.43,0.05,0.11,0.20,0.51,0.59,0.15,0.07,-1.00,0.03,0.22,1.56,-1.00,-1.00,-1.00,-1.00,-1.00,-1.00,-1.00,-1.00,-1.00,-1.00,0.09,0.04,0.12,
1.71,4.52,4.71,4.24,4.08,4.21,4.29,4.75,-1.00,0.07,0.15,0.59,0.52,0.20,0.11,0.05,0.03,0.22,1.56,-1.00,-1.00,-1.00,-1.00,-1.00,-1.00,-1.00,-1.00,-1.00,-1.00,0.09,0.04,0.12,
1.73,4.80,4.62,4.23,4.07,4.18,4.23,4.74,-1.00,0.07,0.15,0.60,0.52,0.20,0.11,0.05,0.03,0.22,1.55,-1.00,-1.00,-1.00,-1.00,-1.00,-1.00,-1.00,-1.00,-1.00,-1.00,0.09,0.04,0.12,
1.72,4.86,4.51,4.21,4.05,4.16,4.17,4.71,-1.00,0.07,0.15,0.60,0.53,0.20,0.11,0.05,0.03,0.22,1.55,-1.00,-1.00,-1.00,-1.00,-1.00,-1.00,-1.00,-1.00,-1.00,-1.00,0.09,0.04,0.12,
1.71,4.89,4.41,4.19,4.03,4.14,4.12,4.67,-1.00,0.07,0.15,0.61,0.53,0.20,0.11,0.05,0.03,0.22,1.55,-1.00,-1.00,-1.00,-1.00,-1.00,-1.00,-1.00,-1.00,-1.00,-1.00,0.09,0.04,0.12,
1.73,4.91,4.32,4.17,4.01,4.12,4.07,4.64,-1.00,0.07,0.15,0.61,0.53,0.20,0.11,0.05,0.03,0.22,1.55,-1.00,-1.00,-1.00,-1.00,-1.00,-1.00,-1.00,-1.00,-1.00,-1.00,0.09,0.04,0.12,
1.71,4.93,4.24,4.14,3.98,4.10,4.03,4.61,-1.00,0.07,0.15,0.62,0.54,0.20,0.11,0.05,0.03,0.22,1.55,-1.00,-1.00,-1.00,-1.00,-1.00,-1.00,-1.00,-1.00,-1.00,-1.00,0.09,0.04,0.12,
1.73,4.94,4.17,4.12,3.97,4.08,4.01,4.59,-1.00,0.07,0.15,0.62,0.54,0.20,0.11,0.05,0.03,0.22,1.54,-1.00,-1.00,-1.00,-1.00,-1.00,-1.00,-1.00,-1.00,-1.00,-1.00,0.09,0.04,0.12,
1.75,4.95,4.13,4.10,3.95,4.06,3.99,4.58,-1.00,0.07,0.15,0.62,0.54,0.20,0.11,0.05,0.03,0.22,1.54,-1.00,-1.00,-1.00,-1.00,-1.00,-1.00,-1.00,-1.00,-1.00,-1.00,0.09,0.04,0.12,
1.77,4.96,4.12,4.08,3.93,4.04,3.98,4.60,-1.00,0.07,0.15,0.63,0.55,0.20,0.11,0.05,0.03,0.22,1.54,-1.00,-1.00,-1.00,-1.00,-1.00,-1.00,-1.00,-1.00,-1.00,-1.00,0.09,0.04,0.12,
1.74,4.98,4.13,4.05,3.92,4.02,3.99,4.63,-1.00,0.07,0.15,0.63,0.55,0.20,0.11,0.05,0.03,0.22,1.54,-1.00,-1.00,-1.00,-1.00,-1.00,-1.00,-1.00,-1.00,-1.00,-1.00,0.09,0.04,0.12,
1.75,4.97,4.17,4.09,3.92,4.01,4.05,4.71,-1.00,0.07,0.15,0.64,0.55,0.20,0.11,0.05,0.03,0.22,1.54,-1.00,-1.00,-1.00,-1.00,-1.00,-1.00,-1.00,-1.00,-1.00,-1.00,0.09,0.04,0.12,
1.77,4.97,4.25,4.20,4.01,3.97,5.26,4.83,-1.00,0.07,0.15,0.64,0.56,0.20,0.11,0.05,0.03,0.22,1.53,-1.00,-1.00,-1.00,-1.00,-1.00,-1.00,-1.00,-1.00,-1.00,-1.00,0.09,0.04,0.12,
1.77,4.97,4.35,4.32,4.90,3.98,5.29,4.95,0.05,0.11,0.20,0.56,0.64,0.15,0.07,-1.00,0.03,0.22,1.53,-1.00,-1.00,-1.00,-1.00,-1.00,-1.00,-1.00,-1.00,-1.00,-1.00,0.09,0.04,0.12,
1.78,-1.00,5.09,5.00,4.94,4.01,5.33,4.97,0.05,0.11,0.20,0.56,0.64,0.15,0.07,-1.00,0.03,0.22,1.53,-1.00,-1.00,-1.00,-1.00,-1.00,-1.00,-1.00,-1.00,-1.00,-1.00,0.09,0.04,0.12,
1.75,-1.00,5.15,5.03,5.00,4.09,5.42,4.98,0.05,0.11,0.20,0.56,0.64,0.15,0.07,-1.00,0.03,0.22,1.53,-1.00,-1.00,-1.00,-1.00,-1.00,-1.00,-1.00,-1.00,-1.00,-1.00,0.09,0.04,0.12,
1.73,-1.00,5.21,5.03,5.03,4.21,5.50,4.99,0.05,0.11,0.20,0.56,0.65,0.15,0.07,-1.00,0.03,0.23,1.53,-1.00,-1.00,-1.00,-1.00,-1.00,-1.00,-1.00,-1.00,-1.00,-1.00,0.09,0.04,0.12,
1.74,-1.00,5.22,5.06,5.10,5.64,5.54,5.00,0.05,0.11,0.20,0.56,0.65,0.15,0.07,-1.00,0.03,0.23,1.53,-1.00,-1.00,-1.00,-1.00,-1.00,-1.00,-1.00,-1.00,-1.00,-1.00,0.09,0.04,0.12,
1.73,-1.00,5.22,6.25,6.61,6.94,5.59,5.02,0.05,0.11,0.20,0.56,0.65,0.15,0.07,-1.00,0.03,0.22,1.53,-1.00,-1.00,-1.00,-1.00,-1.00,-1.00,-1.00,-1.00,-1.00,-1.00,0.09,0.04,0.12,
1.71,-1.00,5.23,6.34,6.63,6.93,5.62,5.03,0.05,0.11,0.20,0.55,0.65,0.15,0.07,-1.00,0.03,0.22,1.53,-1.00,-1.00,-1.00,-1.00,-1.00,-1.00,-1.00,-1.00,-1.00,-1.00,0.09,0.04,0.12,
1.71,-1.00,5.24,6.43,6.64,6.93,5.62,5.04,0.05,0.11,0.20,0.55,0.65,0.15,0.07,-1.00,0.03,0.22,1.53,-1.00,-1.00,-1.00,-1.00,-1.00,-1.00,-1.00,-1.00,-1.00,-1.00,0.09,0.04,0.12,
1.71,-1.00,-1.00,6.53,6.66,8.01,5.63,5.05,0.05,0.11,0.20,0.55,0.64,0.15,0.07,-1.00,0.03,0.22,1.53,-1.00,-1.00,-1.00,-1.00,-1.00,-1.00,-1.00,-1.00,-1.00,-1.00,0.09,0.04,0.12,
1.71,-1.00,-1.00,6.66,8.16,8.10,5.65,5.06,0.05,0.11,0.20,0.55,0.64,0.15,0.07,-1.00,0.03,0.22,1.53,-1.00,-1.00,-1.00,-1.00,-1.00,-1.00,-1.00,1.45,-1.00,-1.00,0.09,0.04,0.12,
1.70,-1.00,-1.00,6.77,8.17,8.17,5.67,-1.00,0.05,0.11,0.20,0.55,0.64,0.15,0.07,-1.00,0.03,0.22,1.53,-1.00,-1.00,-1.00,-1.00,-1.00,-1.00,-1.00,-1.00,-1.00,-1.00,0.09,0.04,0.12,
1.72,-1.00,-1.00,6.85,8.17,8.17,5.68,-1.00,0.05,0.11,0.20,0.54,0.63,0.15,0.07,-1.00,0.03,0.22,1.54,-1.00,-1.00,-1.00,-1.00,-1.00,-1.00,-1.00,-1.00,1.46,-1.00,0.09,0.04,0.12,
1.73,-1.00,-1.00,6.85,8.17,8.18,5.69,-1.00,0.05,0.11,0.20,0.54,0.63,0.15,0.07,-1.00,0.03,0.22,1.54,-1.00,-1.00,-1.00,-1.00,-1.00,-1.00,-1.00,-1.00,1.42,-1.00,0.09,0.04,0.12,
1.72,-1.00,-1.00,6.85,8.19,8.19,5.69,-1.00,0.05,0.11,0.20,0.54,0.62,0.15,0.07,-1.00,0.03,0.22,1.54,-1.00,-1.00,-1.00,-1.00,-1.00,-1.00,-1.00,-1.00,1.38,-1.00,0.09,0.04,0.12,
1.72,-1.00,-1.00,6.85,8.20,8.20,5.70,-1.00,0.05,0.11,0.20,0.54,0.62,0.15,0.07,-1.00,0.03,0.22,1.54,-1.00,-1.00,-1.00,-1.00,-1.00,-1.00,-1.00,-1.00,1.34,-1.00,0.09,0.04,0.12,
1.71,-1.00,-1.00,6.85,8.21,8.21,5.70,-1.00,0.05,0.11,0.20,0.53,0.61,0.15,0.07,-1.00,0.03,0.22,1.54,-1.00,-1.00,-1.00,-1.00,-1.00,-1.00,-1.00,-1.00,1.30,-1.00,0.09,0.04,0.12,
1.72,-1.00,-1.00,6.84,8.23,8.22,5.71,-1.00,0.05,0.11,0.20,0.53,0.60,0.15,0.07,-1.00,0.03,0.22,1.55,-1.00,-1.00,-1.00,-1.00,-1.00,-1.00,-1.00,-1.00,1.27,-1.00,0.09,0.04,0.12,
1.70,-1.00,-1.00,6.84,8.24,8.23,-1.00,2.67,0.05,0.11,0.20,0.52,0.60,0.15,0.07,-1.00,0.03,0.22,1.55,-1.00,-1.00,-1.00,-1.00,-1.00,-1.00,-1.00,-1.00,1.23,-1.00,0.09,0.04,0.12,
1.69,-1.00,-1.00,6.83,-1.00,-1.00,2.41,2.65,0.05,0.11,0.20,0.52,0.59,0.15,0.07,-1.00,0.03,0.22,1.55,-1.00,-1.00,-1.00,-1.00,-1.00,-1.00,-1.00,-1.00,1.20,-1.00,0.09,0.04,0.12,
1.69,-1.00,-1.00,6.83,-1.00,-1.00,2.41,2.65,0.05,0.11,0.20,0.51,0.58,0.15,0.07,-1.00,0.03,0.22,1.56,-1.00,-1.00,-1.00,-1.00,-1.00,-1.00,-1.00,-1.00,1.16,1.39,0.09,0.04,0.12,
1.69,-1.00,-1.00,6.82,-1.00,-1.00,2.42,2.65,0.05,0.11,0.20,0.51,0.57,0.15,0.07,-1.00,0.03,0.22,1.56,-1.00,-1.00,-1.00,-1.00,-1.00,-1.00,-1.00,-1.00,1.13,1.35,0.10,0.04,0.12,
1.68,-1.00,-1.00,6.82,-1.00,-1.00,2.42,2.65,0.05,0.11,0.20,0.51,0.56,0.15,0.07,-1.00,0.03,0.22,1.57,-1.00,-1.00,-1.00,-1.00,-1.00,-1.00,-1.00,-1.00,1.10,1.31,0.10,0.04,0.12,
1.69,-1.00,-1.00,6.81,-1.00,-1.00,2.42,2.65,0.05,0.11,0.20,0.50,0.56,0.15,0.07,-1.00,0.03,0.22,1.57,-1.00,-1.00,-1.00,-1.00,-1.00,-1.00,-1.00,-1.00,1.07,1.28,0.10,0.04,0.12,
1.69,-1.00,-1.00,6.81,-1.00,-1.00,2.42,2.66,0.05,0.11,0.20,0.50,0.55,0.15,0.07,-1.00,0.03,0.22,1.57,-1.00,-1.00,-1.00,-1.00,-1.00,-1.00,-1.00,-1.00,1.04,-1.00,0.10,0.04,0.12,
1.68,-1.00,-1.00,6.80,-1.00,-1.00,2.42,2.65,0.05,0.11,0.20,0.49,0.55,0.15,0.07,-1.00,0.03,0.22,1.57,-1.00,-1.00,-1.00,-1.00,-1.00,-1.00,-1.00,-1.00,1.01,-1.00,0.10,0.04,0.12,
1.69,-1.00,-1.00,6.80,-1.00,-1.00,2.42,2.66,0.06,0.11,0.20,0.49,0.54,0.15,0.07,-1.00,0.03,0.22,1.58,-1.00,-1.00,-1.00,-1.00,-1.00,-1.00,-1.00,-1.00,0.98,-1.00,0.11,0.04,0.12,
1.70,-1.00,-1.00,6.79,-1.00,-1.00,2.42,2.66,0.06,0.11,0.20,0.49,0.53,0.15,0.07,-1.00,0.03,0.22,1.58,-1.00,-1.00,-1.00,-1.00,-1.00,-1.00,-1.00,-1.00,0.95,-1.00,0.11,0.04,0.12,
1.69,-1.00,-1.00,6.78,-1.00,-1.00,2.42,2.67,0.06,0.11,0.20,0.48,0.53,0.15,0.07,-1.00,0.03,0.22,1.58,-1.00,-1.00,-1.00,-1.00,-1.00,-1.00,-1.00,-1.00,0.93,-1.00,0.11,0.04,0.12,
1.67,-1.00,-1.00,6.78,-1.00,-1.00,2.42,2.67,0.06,0.11,0.20,0.48,0.52,0.15,0.07,-1.00,0.03,0.22,1.58,-1.00,-1.00,-1.00,-1.00,-1.00,-1.00,-1.00,-1.00,0.90,1.22,0.11,0.04,0.12,
1.66,-1.00,-1.00,6.78,-1.00,-1.00,2.42,2.66,0.06,0.11,0.20,0.48,0.51,0.15,0.07,-1.00,0.03,0.22,1.59,-1.00,-1.00,-1.00,-1.00,-1.00,-1.00,-1.00,-1.00,0.88,1.19,0.11,0.04,0.12,
1.65,-1.00,-1.00,6.77,-1.00,-1.00,2.42,2.66,0.06,0.11,0.20,0.47,0.51,0.16,0.07,-1.00,0.03,0.22,1.59,-1.00,-1.00,-1.00,-1.00,-1.00,-1.00,-1.00,-1.00,0.85,1.17,0.11,0.04,0.12,
1.64,-1.00,-1.00,6.77,-1.00,-1.00,2.43,2.66,0.06,0.11,0.20,0.47,0.50,0.16,0.07,-1.00,0.03,0.22,1.59,-1.00,-1.00,-1.00,-1.00,-1.00,-1.00,-1.00,-1.00,0.83,1.14,0.12,0.04,0.12,
1.64,-1.00,-1.00,6.76,-1.00,-1.00,2.43,2.66,0.06,0.11,0.20,0.47,0.50,0.16,0.07,-1.00,0.03,0.22,1.60,-1.00,-1.00,-1.00,-1.00,-1.00,-1.00,-1.00,-1.00,0.81,1.12,0.12,0.04,0.12,
1.65,-1.00,-1.00,6.76,-1.00,-1.00,2.43,2.66,0.06,0.11,0.20,0.47,0.49,0.16,0.07,-1.00,0.03,0.23,1.60,-1.00,-1.00,-1.00,-1.00,-1.00,-1.00,-1.00,-1.00,0.79,1.09,0.12,0.04,0.12,
1.66,-1.00,-1.00,6.76,-1.00,-1.00,2.43,2.66,0.06,0.11,0.20,0.46,0.49,0.16,0.07,-1.00,0.03,0.23,1.60,-1.00,-1.00,-1.00,-1.00,-1.00,-1.00,-1.00,-1.00,0.76,1.07,0.12,0.05,0.12,
1.67,-1.00,-1.00,6.75,-1.00,-1.00,2.43,2.66,0.06,0.11,0.19,0.46,0.48,0.16,0.07,-1.00,0.03,0.23,1.60,-1.00,-1.00,-1.00,-1.00,-1.00,-1.00,-1.00,-1.00,0.75,1.04,0.12,0.05,0.12,
1.68,-1.00,-1.00,6.75,-1.00,-1.00,2.43,2.67,0.06,0.11,0.19,0.46,0.47,0.16,0.07,-1.00,0.03,0.23,1.61,-1.00,-1.00,-1.00,-1.00,-1.00,-1.00,-1.00,-1.00,0.73,1.01,0.13,0.05,0.12,
1.67,-1.00,-1.00,6.75,-1.00,-1.00,2.44,2.66,0.06,0.11,0.19,0.45,0.47,0.16,0.07,-1.00,0.03,0.23,1.61,-1.00,-1.00,-1.00,-1.00,-1.00,-1.00,-1.00,-1.00,0.71,0.98,0.13,0.05,-1.00,
1.67,-1.00,-1.00,6.74,-1.00,-1.00,2.44,2.66,0.06,0.11,0.19,0.45,0.47,0.16,0.07,-1.00,0.03,0.23,1.61,-1.00,-1.00,-1.00,-1.00,-1.00,-1.00,-1.00,-1.00,0.69,0.96,0.14,0.05,-1.00,
1.69,-1.00,-1.00,6.74,-1.00,-1.00,2.44,2.66,0.06,0.11,0.19,0.45,0.46,0.16,0.07,-1.00,0.03,0.23,1.61,-1.00,-1.00,-1.00,-1.00,-1.00,-1.00,-1.00,-1.00,0.67,0.94,-1.00,0.05,-1.00,
1.67,-1.00,-1.00,6.74,-1.00,-1.00,2.44,2.66,0.06,0.11,0.19,0.45,0.46,0.16,0.07,-1.00,0.03,0.23,1.62,-1.00,-1.00,-1.00,-1.00,-1.00,-1.00,-1.00,-1.00,0.66,0.93,-1.00,0.05,-1.00,
1.67,-1.00,-1.00,6.73,-1.00,-1.00,2.44,2.66,0.06,0.11,0.19,0.45,0.45,0.16,0.07,-1.00,0.03,0.24,1.62,-1.00,-1.00,-1.00,-1.00,-1.00,-1.00,-1.00,-1.00,0.64,0.91,-1.00,0.05,-1.00,
1.67,-1.00,-1.00,6.73,-1.00,-1.00,2.44,2.66,0.06,0.11,0.19,0.44,0.45,0.16,0.07,-1.00,0.03,0.24,1.62,-1.00,-1.00,-1.00,-1.00,-1.00,-1.00,-1.00,-1.00,0.63,0.89,-1.00,0.06,-1.00,
1.67,-1.00,-1.00,6.73,-1.00,-1.00,2.44,2.67,0.06,0.11,0.19,0.44,0.44,0.16,0.07,-1.00,0.03,0.24,1.62,-1.00,-1.00,-1.00,-1.00,-1.00,-1.00,-1.00,-1.00,0.61,0.86,-1.00,0.06,-1.00,
1.65,-1.00,-1.00,6.72,-1.00,-1.00,2.44,2.67,0.06,0.11,0.19,0.44,0.44,0.16,0.07,-1.00,0.03,0.24,1.62,-1.00,-1.00,-1.00,-1.00,-1.00,-1.00,-1.00,-1.00,0.60,0.84,-1.00,0.06,-1.00,
1.64,-1.00,-1.00,6.72,-1.00,-1.00,2.44,2.67,0.06,0.11,0.19,0.44,0.44,0.16,0.07,-1.00,0.03,0.24,1.62,-1.00,-1.00,-1.00,-1.00,-1.00,-1.00,-1.00,-1.00,0.59,0.82,-1.00,0.06,-1.00,
1.66,-1.00,-1.00,6.72,-1.00,-1.00,2.44,2.67,0.06,0.11,0.19,0.44,0.43,0.16,0.07,-1.00,0.03,0.23,1.62,-1.00,-1.00,-1.00,-1.00,-1.00,-1.00,-1.00,-1.00,0.57,0.81,-1.00,0.06,-1.00,
1.63,-1.00,-1.00,6.71,-1.00,-1.00,2.44,2.67,0.06,0.11,0.19,0.43,0.43,0.16,0.07,-1.00,0.03,0.23,1.62,-1.00,-1.00,-1.00,-1.00,-1.00,-1.00,-1.00,-1.00,0.56,0.81,-1.00,0.06,-1.00,
1.62,-1.00,-1.00,6.71,-1.00,-1.00,2.44,2.67,0.06,0.11,0.19,0.43,0.43,0.16,0.07,-1.00,0.04,0.23,1.62,-1.00,-1.00,-1.00,-1.00,-1.00,-1.00,-1.00,-1.00,0.55,0.80,-1.00,0.06,-1.00,
1.65,-1.00,-1.00,6.71,-1.00,-1.00,2.44,2.67,0.06,0.11,0.19,0.43,0.42,0.16,0.07,-1.00,0.03,0.22,1.62,-1.00,-1.00,-1.00,-1.00,-1.00,-1.00,-1.00,-1.00,0.53,0.78,-1.00,0.06,-1.00,
1.68,-1.00,-1.00,6.71,-1.00,-1.00,2.44,2.66,0.06,0.11,0.19,0.43,0.42,0.16,0.07,-1.00,0.03,0.22,-1.00,-1.00,-1.00,-1.00,-1.00,-1.00,-1.00,-1.00,-1.00,0.52,0.76,-1.00,0.06,-1.00,
1.67,-1.00,-1.00,6.70,-1.00,-1.00,2.44,2.66,0.06,0.11,0.19,0.43,0.42,0.16,0.07,-1.00,0.04,0.21,-1.00,-1.00,-1.00,-1.00,-1.00,-1.00,-1.00,-1.00,-1.00,0.51,0.75,-1.00,0.06,-1.00,
1.68,-1.00,-1.00,6.70,-1.00,-1.00,2.44,2.66,0.06,0.11,0.19,0.43,0.41,0.16,0.07,-1.00,0.04,0.21,-1.00,-1.00,-1.00,-1.00,-1.00,-1.00,-1.00,-1.00,-1.00,0.50,0.73,-1.00,0.06,-1.00,
1.68,-1.00,-1.00,6.70,-1.00,-1.00,2.44,2.66,0.06,0.11,0.19,0.42,0.41,0.16,0.07,-1.00,0.04,0.20,-1.00,-1.00,-1.00,-1.00,-1.00,-1.00,-1.00,-1.00,-1.00,0.49,0.72,-1.00,0.06,-1.00,
1.64,-1.00,-1.00,6.69,-1.00,-1.00,2.44,2.66,0.06,0.11,0.19,0.42,0.41,0.16,0.07,-1.00,0.04,0.20,-1.00,-1.00,-1.00,-1.00,-1.00,-1.00,-1.00,-1.00,-1.00,0.48,0.71,-1.00,0.06,-1.00,
1.65,-1.00,-1.00,6.69,-1.00,-1.00,2.44,2.66,0.06,0.11,0.19,0.42,0.41,0.16,0.07,-1.00,0.04,0.20,-1.00,-1.00,-1.00,-1.00,-1.00,-1.00,-1.00,-1.00,-1.00,0.47,0.70,-1.00,0.06,-1.00,
1.65,-1.00,-1.00,6.69,-1.00,-1.00,2.44,2.66,0.06,0.11,0.19,0.42,0.40,0.16,0.07,-1.00,0.04,0.19,-1.00,-1.00,-1.00,-1.00,-1.00,-1.00,-1.00,-1.00,-1.00,0.46,0.69,-1.00,0.06,-1.00,
1.66,-1.00,-1.00,6.69,-1.00,-1.00,2.44,2.66,0.06,0.11,0.19,0.42,0.40,0.16,0.07,-1.00,0.04,0.19,-1.00,-1.00,-1.00,-1.00,-1.00,-1.00,-1.00,-1.00,-1.00,0.45,0.68,-1.00,0.06,-1.00,
1.67,-1.00,-1.00,6.69,-1.00,-1.00,2.44,2.66,0.06,0.11,0.19,0.42,0.40,0.16,0.07,-1.00,0.04,0.19,-1.00,-1.00,-1.00,-1.00,-1.00,-1.00,-1.00,-1.00,-1.00,0.45,0.67,-1.00,0.06,-1.00,
1.69,-1.00,-1.00,6.68,-1.00,-1.00,2.44,2.66,0.06,0.11,0.19,0.42,0.40,0.16,0.07,-1.00,0.04,0.18,1.56,-1.00,-1.00,-1.00,-1.00,-1.00,-1.00,-1.00,-1.00,0.44,0.65,-1.00,0.06,-1.00,
1.69,-1.00,-1.00,6.68,-1.00,-1.00,2.44,2.66,0.06,0.11,0.19,0.42,0.40,0.16,0.07,-1.00,0.05,0.18,1.56,-1.00,-1.00,-1.00,-1.00,-1.00,-1.00,-1.00,-1.00,0.43,0.64,-1.00,0.06,-1.00,
1.69,-1.00,-1.00,6.68,-1.00,-1.00,2.44,2.66,0.06,0.11,0.19,0.41,0.39,0.16,0.07,-1.00,0.05,0.18,1.56,-1.00,-1.00,-1.00,-1.00,-1.00,-1.00,-1.00,-1.00,0.42,0.63,-1.00,0.06,-1.00,
1.68,-1.00,-1.00,6.68,-1.00,-1.00,2.44,2.66,0.06,0.11,0.19,0.41,0.39,0.16,0.07,-1.00,0.05,0.18,1.56,-1.00,-1.00,-1.00,-1.00,-1.00,-1.00,-1.00,-1.00,0.42,0.62,-1.00,0.06,-1.00,
1.69,-1.00,-1.00,6.68,-1.00,-1.00,2.44,2.66,0.06,0.11,0.19,0.41,0.39,0.16,0.07,-1.00,0.05,0.18,1.56,-1.00,-1.00,-1.00,-1.00,-1.00,-1.00,-1.00,-1.00,0.41,0.62,-1.00,0.06,-1.00,
1.69,-1.00,-1.00,6.67,-1.00,-1.00,2.44,2.66,0.06,0.11,0.19,0.41,0.39,0.16,0.07,-1.00,0.06,0.18,1.56,-1.00,-1.00,-1.00,-1.00,-1.00,-1.00,-1.00,-1.00,0.40,0.61,-1.00,0.06,-1.00,
1.67,-1.00,-1.00,6.67,-1.00,-1.00,2.44,2.66,0.06,0.11,0.19,0.41,0.39,0.16,0.07,-1.00,0.06,0.18,1.56,-1.00,-1.00,-1.00,-1.00,-1.00,-1.00,-1.00,-1.00,0.39,0.60,-1.00,0.06,-1.00,
1.68,-1.00,-1.00,6.67,-1.00,-1.00,2.44,2.66,0.06,0.11,0.19,0.41,0.38,0.16,0.07,-1.00,0.06,0.19,1.56,-1.00,-1.00,-1.00,-1.00,-1.00,-1.00,-1.00,-1.00,0.39,0.59,-1.00,0.06,-1.00,
1.67,-1.00,-1.00,6.67,-1.00,-1.00,2.44,2.66,0.06,0.11,0.19,0.41,0.38,0.16,0.07,-1.00,0.07,0.19,1.57,-1.00,-1.00,-1.00,-1.00,-1.00,-1.00,-1.00,-1.00,0.38,0.58,-1.00,0.06,0.39,
1.68,-1.00,-1.00,6.67,-1.00,-1.00,2.44,2.66,0.06,0.11,0.19,0.41,0.38,0.16,0.07,-1.00,0.07,0.19,1.57,-1.00,-1.00,-1.00,-1.00,-1.00,-1.00,-1.00,-1.00,0.38,0.57,-1.00,0.06,0.39,
